id_individual,Sex_1_0,Haplotype,Number_sightings,Av_water_depth,Av_group_size,Sponger,Demons_sponging_forage,Sp_Order_acquisition,Mum_known,Not_weaned
AAN,0,NA,1,15.7,2,no,NA,NA,yes,0
ABB,-0.5,NA,1,7.9,7,no,NA,NA,no,0
ABE,0.5,E,4,8.55,6.5,yes,yes,64,no,0
ABS,0.5,E,40,12.36,6.2,yes,yes,31,no,0
ACA,0,NA,1,6.3,5,no,NA,NA,no,0
ACD,0.5,H,70,12.26571429,7.328571429,no,NA,NA,no,0
ADA,0,NA,1,12.8,2,no,NA,NA,yes,0
ADM,0,NA,3,11.2,5,no,NA,NA,no,0
ADR,-0.5,NA,1,14.7,2,no,NA,NA,no,0
AEN,0,NA,1,1.1,7,no,NA,NA,no,0
AID,0,NA,1,2.8,9,no,NA,NA,no,0
AIN,0,NA,1,9.2,7,no,NA,NA,no,0
AJA,0,NA,15,12.6,6.066666667,yes,yes,43,no,0
AKA,0,NA,0,NA,NA,no,NA,NA,no,0
ALA,0.5,E,35,12.18285714,7.485714286,no,NA,NA,no,0
ALE,0.5,E,26,5.465384615,3.653846154,no,NA,NA,no,0
ALI,-0.5,NA,22,11.20454545,5.090909091,no,NA,NA,no,0
ALL,-0.5,NA,5,4.64,4.4,no,NA,NA,no,0
ALM,0,NA,21,12.68571429,6.476190476,no,NA,NA,yes,0
ALN,0,NA,2,10.25,8.5,no,NA,NA,yes,0
AMA,-0.5,NA,1,6,8,no,NA,NA,no,0
AME,-0.5,D,3,6.266666667,2,no,NA,NA,no,0
AMI,0.5,H,14,3.985714286,3.571428571,no,NA,NA,no,0
AMP,0,NA,0,NA,NA,no,NA,NA,no,0
AMY,0,NA,2,12.1,4.5,no,NA,NA,no,0
AND,0.5,H,36,5.466666667,2.805555556,no,NA,NA,no,0
ANG,0.5,H,5,4.1,5.4,no,NA,NA,no,0
ANI,0,NA,3,12.96666667,2.666666667,no,NA,NA,yes,0
ANJ,-0.5,H,49,5.157142857,2.653061224,no,NA,NA,no,0
ANN,-0.5,H,55,5.061818182,3.327272727,no,NA,NA,no,0
ANS,0,NA,12,14.85,2.166666667,no,NA,NA,yes,0
APP,0,NA,9,5.1,3.666666667,no,NA,NA,no,0
APR,-0.5,NA,1,6.5,6,no,NA,NA,no,0
AQU,0,NA,1,12.8,2,no,NA,NA,yes,0
ARA,0.5,E,24,13.2,6.291666667,no,NA,NA,no,0
ARC,0,NA,2,4.6,7.5,no,NA,NA,no,0
ARI,0,NA,7,3.414285714,6.857142857,no,NA,NA,no,0
ARL,0.5,E,12,12.13333333,2.5,yes,yes,62,no,0
ARM,0,NA,4,13.43333333,8,no,NA,NA,yes,0
ARN,-0.5,E,76,5.246052632,4.302631579,no,NA,NA,no,0
ART,0,NA,1,14.8,2,no,NA,NA,yes,0
ASH,-0.5,NA,2,1.35,6.5,no,NA,NA,no,0
AST,0,NA,5,7.52,5.6,no,NA,NA,no,0
ATH,0.5,E,45,13.26666667,6.555555556,no,NA,NA,no,0
ATI,0.5,E,37,13.11944444,5.945945946,yes,yes,37,no,0
AUG,0,NA,3,8.166666667,4.333333333,no,NA,NA,no,0
AUS,0,NA,2,5.05,6.5,no,NA,NA,no,0
AXE,0,NA,9,6.077777778,5.777777778,no,NA,NA,no,0
BAA,0,NA,1,NA,2,no,NA,NA,no,0
BAB,0.5,E,29,3.792592593,8,no,NA,NA,no,0
BAC,0.5,E,7,10.21428571,9.571428571,no,NA,NA,no,0
BAD,0,NA,2,6.8,2,no,NA,NA,yes,0
BAI,-0.5,E,20,13.35,2.7,yes,yes,19,no,0
BAK,0,NA,9,4.7,8.555555556,no,NA,NA,no,0
BAN,-0.5,NA,7,6.714285714,4.571428571,no,NA,NA,no,0
BAQ,-0.5,E,18,4.766666667,6.722222222,no,NA,NA,no,0
BAR,-0.5,NA,5,6.3,5.4,no,NA,NA,no,0
BAS,0,NA,3,11.56666667,6.333333333,no,NA,NA,no,0
BAT,0,NA,4,6.65,8.5,no,NA,NA,no,0
BAU,0,NA,5,5.52,9.8,no,NA,NA,no,0
BBO,0,NA,0,NA,NA,no,NA,NA,no,0
BBR,0,NA,1,10.6,1,no,NA,NA,no,0
BCD,-0.5,NA,12,12.01666667,2.583333333,yes,yes,51,no,0
BDO,0,NA,1,4.8,7,no,NA,NA,yes,0
BDR,0,NA,1,6.5,1,no,NA,NA,no,0
BEA,0.5,E,79,8.167948718,5.025316456,no,NA,NA,no,0
BEC,0.5,H,95,5.866666667,5.126315789,no,NA,NA,no,0
BEE,0,NA,6,10.96666667,4,no,NA,NA,yes,0
BEL,0,NA,2,9.75,4,no,NA,NA,yes,0
BEM,0,NA,11,6.518181818,2.181818182,no,NA,NA,yes,0
BEN,-0.5,H,19,10.70526316,5.684210526,no,NA,NA,no,0
BER,0,NA,1,8.7,2,no,NA,NA,yes,0
BET,-0.5,I,1,13.5,1,no,NA,NA,no,0
BEV,0,NA,1,7.6,1,no,NA,NA,no,0
BFY,0,NA,1,10.1,8,no,NA,NA,no,0
BIA,0,NA,6,4.416666667,3.333333333,no,NA,NA,no,0
BIE,-0.5,NA,39,1.956410256,3.205128205,no,NA,NA,no,0
BIG,0,NA,2,4.85,7.5,no,NA,NA,no,0
BIL,-0.5,E,48,13.73333333,4.041666667,yes,yes,29,yes,0
BIT,0,NA,0,NA,NA,no,NA,NA,yes,0
BJA,-0.5,NA,15,12.44285714,6.133333333,no,NA,NA,no,0
BJL,0,NA,7,13.75714286,2.142857143,yes,yes,74,yes,0
BJO,0,NA,7,1.557142857,3.285714286,no,NA,NA,yes,0
BKE,0,NA,3,7.233333333,11.66666667,no,NA,NA,no,0
BLA,0,NA,2,2.55,8,no,NA,NA,no,0
BLH,0.5,E,4,6.4,5,no,NA,NA,yes,0
BLK,0,NA,3,11,9,no,NA,NA,yes,0
BLO,0,NA,22,12.37272727,2.818181818,yes,no,70,yes,0
BLP,0,NA,11,11.46363636,9.272727273,no,NA,NA,no,0
BLS,0,NA,3,3.266666667,2,no,NA,NA,yes,0
BLT,0,NA,2,10.4,5.5,no,NA,NA,no,0
BLU,0,E,0,NA,NA,no,NA,NA,no,0
BLW,-0.5,E,4,8.45,3,no,NA,NA,no,0
BNA,-0.5,NA,1,14.6,5,no,NA,NA,no,0
BND,0,NA,8,11.5875,7,no,NA,NA,yes,0
BNG,0,NA,1,0.7,2,no,NA,NA,yes,0
BNJ,0,NA,2,15.05,4.5,no,NA,NA,yes,0
BNN,-0.5,D,16,5.41875,1.75,no,NA,NA,no,0
BNO,0.5,E,14,12.45,3.428571429,yes,no,71,no,0
BOA,0,NA,6,6.8,4.5,no,NA,NA,yes,0
BOB,0,NA,3,14.16666667,4,no,NA,NA,yes,0
BOE,0,NA,3,7.733333333,2.333333333,no,NA,NA,yes,0
BOG,0,NA,7,11.07142857,11,no,NA,NA,yes,0
BON,-0.5,NA,11,12.06363636,3.909090909,yes,yes,36,no,0
BOO,-0.5,H,26,2.783333333,3.769230769,no,NA,NA,no,0
BOR,0.5,H,50,5.06122449,7.08,no,NA,NA,no,0
BOS,0,NA,5,6.4,8.4,no,NA,NA,no,0
BOT,0,NA,1,7.7,2,no,NA,NA,no,0
BOU,0,NA,1,8.5,2,no,NA,NA,yes,0
BOV,0,NA,15,5.726666667,4.466666667,no,NA,NA,yes,0
BOW,-0.5,F,9,9.911111111,3,no,NA,NA,no,0
BOZ,0,NA,1,7,10,no,NA,NA,no,0
BRA,-0.5,E,121,3.979338843,4.280991736,no,NA,NA,yes,0
BRB,0,NA,1,13.7,2,no,NA,NA,yes,0
BRC,-0.5,NA,3,9.366666667,2,no,NA,NA,no,0
BRD,-0.5,NA,3,7.966666667,1.666666667,no,NA,NA,no,0
BRE,0,NA,2,9,8.5,no,NA,NA,no,0
BRF,0,NA,14,13.47142857,2.214285714,no,NA,NA,yes,0
BRG,-0.5,F,2,6.8,2,no,NA,NA,no,0
BRH,0,NA,25,10.616,3.56,no,NA,NA,no,0
BRI,-0.5,NA,5,8.76,5.4,no,NA,NA,no,0
BRK,0,NA,1,5.3,3,no,NA,NA,no,0
BRL,0,NA,1,12.8,2,no,NA,NA,yes,0
BRN,0,NA,4,7.55,4.25,yes,yes,28,no,0
BRO,0,NA,9,7.5,4.888888889,no,NA,NA,no,0
BRR,0.5,H,10,3.51,7.1,no,NA,NA,no,0
BRT,0,NA,1,5.6,2,no,NA,NA,no,0
BRU,-0.5,NA,15,5.186666667,2.933333333,no,NA,NA,no,0
BRW,0,NA,6,6.666666667,6,no,NA,NA,yes,0
BRY,0,NA,1,5.1,7,no,NA,NA,no,0
BRZ,0.5,E,11,12.63636364,3.181818182,no,NA,NA,yes,0
BSH,0,NA,13,11.47692308,3.923076923,yes,yes,56,no,0
BTI,-0.5,NA,2,6.25,3.5,no,NA,NA,no,0
BTL,0,NA,1,3.5,11,no,NA,NA,yes,0
BTS,0,NA,1,7.5,5,no,NA,NA,no,0
BTY,0,NA,1,9.3,3,no,NA,NA,no,0
BUA,0,NA,2,11.05,5.5,no,NA,NA,no,0
BUB,0,NA,3,13.26666667,8.333333333,no,NA,NA,yes,0
BUC,-0.5,NA,37,13.44054054,2.486486486,yes,yes,57,no,0
BUE,-0.5,H,3,6.466666667,3.666666667,no,NA,NA,no,0
BUF,0.5,H,26,6.719230769,7.115384615,no,NA,NA,no,0
BUG,-0.5,H,2,4.75,8.5,no,NA,NA,no,0
BUN,-0.5,E,13,13.13846154,2.846153846,yes,yes,18,no,0
BUR,0,NA,1,10.1,1,no,NA,NA,no,0
BUT,0.5,H,60,8.291525424,5.933333333,no,NA,NA,no,0
CAB,0.5,F,21,7.39047619,4.523809524,no,NA,NA,no,0
CAC,-0.5,NA,23,5.795652174,4.913043478,no,NA,NA,no,0
CAI,0.5,NA,97,6.595876289,5.896907216,no,NA,NA,no,0
CAK,-0.5,D,4,8.8,2.75,no,NA,NA,no,0
CAL,0,NA,7,9.957142857,3.428571429,no,NA,NA,no,0
CAN,0,NA,14,10.4,5.857142857,no,NA,NA,yes,0
CAO,-0.5,E,104,3.746153846,4.692307692,no,NA,NA,no,0
CAP,0,NA,3,7.9,6.333333333,no,NA,NA,no,0
CAR,0,NA,1,7.8,6,no,NA,NA,yes,0
CAS,0,NA,2,13.2,5.5,no,NA,NA,no,0
CAT,0,NA,2,12.05,5,no,NA,NA,no,0
CCD,0,NA,16,8.6875,2.0625,no,NA,NA,yes,1
CCO,0,NA,4,8.075,5,no,NA,NA,yes,0
CEA,0,NA,6,10.38333333,4,no,NA,NA,no,0
CEL,-0.5,F,24,12.95416667,6.541666667,no,NA,NA,no,0
CER,0,NA,7,13.21428571,4.571428571,no,NA,NA,yes,0
CES,0,NA,6,8.066666667,2.666666667,no,NA,NA,yes,0
CGH,-0.5,NA,3,1.6,7.333333333,no,NA,NA,no,0
CHA,-0.5,NA,15,8.766666667,5.066666667,no,NA,NA,no,0
CHE,0,NA,1,9.8,8,no,NA,NA,no,0
CHI,-0.5,NA,3,10.76666667,8,no,NA,NA,no,0
CHK,-0.5,H,4,3.775,4.75,no,NA,NA,no,0
CHL,0,NA,3,7.9,3.333333333,no,NA,NA,no,0
CHO,0,NA,8,8.9,11.5,no,NA,NA,no,0
CHP,0,NA,9,4.588888889,5,no,NA,NA,no,0
CHR,0,NA,0,NA,NA,no,NA,NA,no,0
CHS,0,NA,2,2.8,4,no,NA,NA,yes,0
CHY,-0.5,NA,8,7.7875,7.375,no,NA,NA,no,0
CHZ,0,NA,5,7.78,4.2,no,NA,NA,yes,0
CIL,0,NA,16,12.825,2.3125,no,NA,NA,yes,1
CIN,-0.5,NA,1,15.7,2,no,NA,NA,no,0
CIS,0,NA,3,14.46666667,1.666666667,no,NA,NA,yes,0
CIT,0,NA,1,12,2,no,NA,NA,yes,0
CLA,0,NA,21,6.423809524,4.238095238,no,NA,NA,no,0
CLD,-0.5,NA,2,9.1,6,no,NA,NA,no,0
CLE,-0.5,NA,6,6,4,no,NA,NA,no,0
CLI,-0.5,H,9,5.633333333,2.444444444,no,NA,NA,no,0
CLL,-0.5,H,5,9.8,6.4,no,NA,NA,no,0
CLO,0,NA,5,13.2,5.6,no,NA,NA,yes,0
CLR,0,NA,0,NA,NA,no,NA,NA,no,0
CLU,0,NA,1,7.7,6,no,NA,NA,no,0
CLV,-0.5,NA,5,6.5,8.6,no,NA,NA,no,0
CLY,0,NA,5,11.06,4.6,no,NA,NA,yes,0
CNA,0,NA,9,12.54444444,6.333333333,no,NA,NA,no,0
CNC,0.5,H,38,5.044736842,5.026315789,no,NA,NA,yes,0
CNN,0,NA,0,NA,NA,no,NA,NA,no,0
CNO,-0.5,NA,1,11.3,2,no,NA,NA,no,0
CNR,0,NA,1,7.3,17,no,NA,NA,no,0
CNT,0,NA,13,14.66153846,2,yes,no,67,yes,0
CNY,-0.5,E,4,8.05,5.75,yes,yes,54,no,0
COA,0.5,H,43,6.125581395,2.953488372,no,NA,NA,yes,0
COB,0,NA,2,12.7,2.5,no,NA,NA,yes,0
COC,0.5,E,26,12.37692308,5,yes,yes,38,no,0
COI,0,NA,23,12.94347826,6.565217391,no,NA,NA,yes,0
COL,0,NA,3,13.13333333,2,no,NA,NA,yes,0
COM,0,NA,2,3.75,2,no,NA,NA,yes,0
CON,-0.5,H,2,3.05,2.5,no,NA,NA,no,0
COO,0,NA,6,7.55,6.333333333,no,NA,NA,no,0
COR,-0.5,E,19,12.45789474,3.315789474,yes,yes,13,no,0
COS,-0.5,E,15,2.646666667,6.4,no,NA,NA,no,0
COU,0,NA,1,2,7,no,NA,NA,yes,0
CPC,0,NA,1,8.3,3,no,NA,NA,no,0
CPP,0,NA,5,6.48,2.4,no,NA,NA,yes,0
CPS,0,NA,1,8.8,9,no,NA,NA,no,0
CPT,0,NA,3,13.26666667,5.666666667,no,NA,NA,no,0
CRA,-0.5,F,1,14,1,no,NA,NA,no,0
CRB,0.5,H,6,4.95,5.333333333,no,NA,NA,yes,0
CRC,0,NA,4,7.5,2,no,NA,NA,no,0
CRE,0,NA,2,13.3,2.5,no,NA,NA,yes,0
CRI,0,NA,7,6.342857143,3,no,NA,NA,no,0
CRK,0,NA,2,4.8,2.5,no,NA,NA,yes,0
CRN,0,NA,4,7.925,12,no,NA,NA,no,0
CRO,0,NA,1,4.4,3,no,NA,NA,no,0
CRP,0.5,E,13,11.7,4.615384615,no,NA,NA,no,0
CRR,-0.5,E,18,2.838888889,5.5,no,NA,NA,yes,0
CRS,0,NA,1,7.8,10,no,NA,NA,no,0
CRT,-0.5,E,16,12.13125,1.875,yes,no,66,yes,0
CRY,0,NA,2,3.35,7.5,no,NA,NA,no,0
CSS,0,NA,3,4.566666667,8,no,NA,NA,no,0
CTE,-0.5,NA,9,4.566666667,4.111111111,no,NA,NA,no,0
CTO,0.5,E,23,6.343478261,2.826086957,no,NA,NA,yes,0
CTR,0,NA,29,8.424137931,2.310344828,no,NA,NA,yes,0
CUB,-0.5,E,22,14.78181818,3.363636364,yes,yes,11,no,0
CUE,0,NA,2,4.15,11,no,NA,NA,yes,0
CUR,0,NA,2,10.6,8,no,NA,NA,no,0
CWD,0.5,E,11,11.80909091,3.363636364,no,NA,NA,no,0
DAB,0.5,B,86,4.968604651,5.895348837,no,NA,NA,no,0
DAI,-0.5,E,32,14.365625,3.625,yes,yes,4,no,0
DAL,-0.5,D,6,6.516666667,4.5,no,NA,NA,no,0
DAM,-0.5,NA,53,3.629411765,6.905660377,no,NA,NA,no,0
DAN,0,NA,3,9.666666667,7.333333333,no,NA,NA,no,0
DAR,0,NA,3,7.4,7.333333333,no,NA,NA,no,0
DAV,0,NA,7,7.728571429,4.428571429,no,NA,NA,no,0
DAW,0,NA,2,5.15,15,no,NA,NA,no,0
DBD,-0.5,E,10,4.98,4,no,NA,NA,no,0
DCO,0,NA,1,15.7,2,no,NA,NA,no,0
DEB,-0.5,NA,2,3.8,5,no,NA,NA,no,0
DEC,0.5,E,2,13.7,8.5,no,NA,NA,no,0
DEF,0,NA,1,11.3,3,no,NA,NA,no,0
DEI,0,NA,2,1.3,6.5,no,NA,NA,yes,0
DEL,0.5,E,55,11.28909091,3.654545455,no,NA,NA,yes,0
DEM,0,NA,1,3.9,1,no,NA,NA,no,0
DEN,0.5,E,43,3.926190476,6.279069767,no,NA,NA,no,0
DEP,0.5,E,33,12.03030303,6.727272727,yes,no,40,no,0
DER,0,NA,0,NA,NA,no,NA,NA,no,0
DES,0.5,H,10,3.47,7.1,no,NA,NA,no,0
DET,-0.5,E,35,6.126470588,5.371428571,no,NA,NA,no,0
DEV,-0.5,E,74,5.135135135,4.283783784,no,NA,NA,yes,0
DEW,0,NA,3,4.433333333,8.333333333,no,NA,NA,yes,0
DGG,-0.5,H,48,2.8,3.020833333,no,NA,NA,no,0
DIA,-0.5,H,2,7.75,6.5,no,NA,NA,no,0
DIC,0,NA,1,1.6,7,no,NA,NA,no,0
DID,0.5,H,25,3.0375,4.16,no,NA,NA,yes,0
DIE,0,NA,1,7.3,3,no,NA,NA,no,0
DIG,0,NA,1,14.8,1,no,NA,NA,no,0
DIN,0.5,H,24,5.3875,3.5,no,NA,NA,no,0
DIR,0,NA,10,7.16,5.7,no,NA,NA,no,0
DKM,0,NA,1,14.7,4,no,NA,NA,yes,0
DLB,0,NA,4,3.025,7.75,no,NA,NA,no,0
DLY,0,NA,4,4.925,10.25,no,NA,NA,yes,0
DNI,0,NA,1,3.5,9,no,NA,NA,no,0
DNK,0.5,E,42,8.569047619,2.43902439,no,NA,NA,yes,0
DNS,0,NA,1,7.5,2,no,NA,NA,no,0
DOK,-0.5,H,76,6.730666667,3.039473684,no,NA,NA,yes,0
DOL,0.5,H,9,12.75555556,6.222222222,no,NA,NA,no,0
DOM,0,NA,1,7.5,5,no,NA,NA,no,0
DON,0,NA,1,9,3,no,NA,NA,no,0
DOO,0.5,H,113,4.334234234,5.89380531,no,NA,NA,no,0
DOR,-0.5,NA,8,13.2,6,no,NA,NA,no,0
DOT,0,NA,2,3.8,5,no,NA,NA,yes,0
DOU,0,NA,1,8.8,9,no,NA,NA,no,0
DRA,0,NA,9,13.57777778,3.333333333,no,NA,NA,no,0
DRC,0,NA,1,4.5,2,no,NA,NA,no,0
DRG,0,NA,2,7.3,3.5,no,NA,NA,no,0
DRO,-0.5,K,11,2.68,6.363636364,no,NA,NA,no,0
DRP,0,NA,2,11.9,6,no,NA,NA,yes,0
DRT,0,NA,3,7.333333333,3.333333333,no,NA,NA,no,0
DSD,0,NA,2,8,3.5,no,NA,NA,yes,0
DSK,0,NA,5,11.38,2.2,no,NA,NA,yes,0
DSN,0,NA,1,8.6,1,no,NA,NA,no,0
DSV,0,NA,5,4.52,5.8,no,NA,NA,yes,0
DUB,0,NA,6,13.98333333,2.166666667,no,NA,NA,yes,0
DUD,0,NA,3,14.3,2,no,NA,NA,no,0
DUG,0,NA,1,5.8,6,no,NA,NA,no,0
DUM,0,NA,2,5.4,10,no,NA,NA,yes,0
DUN,-0.5,E,37,9.189189189,2.135135135,yes,yes,59,no,0
DVD,0,NA,3,6.433333333,2.666666667,no,NA,NA,no,0
DVI,0,NA,2,13,6,no,NA,NA,yes,0
DVN,0,NA,1,2.8,9,no,NA,NA,no,0
DXT,0,NA,1,8.3,12,no,NA,NA,no,0
DYL,0,NA,2,4.4,1,no,NA,NA,no,0
EAS,0,NA,3,6.6,3.666666667,no,NA,NA,yes,0
EAZ,0,NA,1,6.1,10,no,NA,NA,no,0
EEM,0,NA,5,8.5,2.6,no,NA,NA,no,0
EEN,-0.5,E,3,3.733333333,9.333333333,no,NA,NA,no,0
EIE,0,NA,3,12.16666667,7,no,NA,NA,no,0
EIL,0,NA,1,4.9,3,no,NA,NA,no,0
ELA,0.5,E,5,13.14,4.4,no,NA,NA,no,0
ELE,0.5,H,3,7.3,10,no,NA,NA,no,0
ELI,0,NA,1,2.8,2,no,NA,NA,no,0
ELL,0,NA,5,6.58,9.6,no,NA,NA,no,0
ELM,0.5,H,17,6.817647059,8.529411765,no,NA,NA,no,0
ELO,0,NA,4,7.85,4.5,no,NA,NA,no,0
EMI,-0.5,E,5,6.58,7.8,no,NA,NA,no,0
EMU,-0.5,E,25,10.884,4.88,yes,yes,8,yes,0
END,0,NA,2,6.25,3.5,no,NA,NA,yes,0
ERI,0.5,H,25,7.412,6.64,no,NA,NA,no,0
ESK,-0.5,E,38,5.760526316,2.27027027,no,NA,NA,no,0
ESP,0,NA,5,7.18,3,no,NA,NA,yes,0
ESS,0,NA,1,8.3,8,no,NA,NA,no,0
EST,0.5,H,131,5.196153846,5.213740458,no,NA,NA,no,0
ETH,0,NA,2,13.65,6.5,no,NA,NA,no,0
EUR,0,NA,7,5.442857143,4.285714286,no,NA,NA,yes,0
EVE,-0.5,NA,2,13.15,1.5,yes,yes,30,no,0
EWE,0,NA,5,5.86,4.6,no,NA,NA,no,0
EXP,-0.5,E,11,10.18181818,2.545454545,yes,no,73,yes,0
FAB,0,NA,1,13.7,6,no,NA,NA,yes,0
FAC,0,NA,8,8.9,11.5,no,NA,NA,no,0
FAJ,-0.5,E,31,12.78387097,2.258064516,yes,no,33,no,0
FAL,0,NA,4,8.525,4.25,no,NA,NA,yes,0
FAV,0,NA,2,5.5,2,no,NA,NA,no,0
FEL,0,NA,3,11,7,no,NA,NA,no,0
FGL,0.5,H,4,8.2,9.25,no,NA,NA,no,0
FID,0.5,E,47,11.49361702,5.70212766,no,NA,NA,no,0
FIO,-0.5,H,20,12.95263158,6.85,no,NA,NA,yes,0
FKS,0,NA,9,9.855555556,2,no,NA,NA,yes,0
FKY,0,NA,1,11.3,1,no,NA,NA,no,0
FLA,0,NA,1,15.2,10,no,NA,NA,no,0
FLE,0,NA,1,11.5,3,no,NA,NA,yes,0
FLI,0,NA,1,7.1,5,no,NA,NA,no,0
FLM,0.5,H,2,6.05,11,no,NA,NA,no,0
FLO,0,NA,2,5.25,4.5,no,NA,NA,no,0
FLP,0.5,E,53,5.069230769,6.452830189,no,NA,NA,no,0
FLX,0,NA,2,14.1,2.5,no,NA,NA,no,0
FNA,0,NA,3,9.566666667,4,no,NA,NA,yes,0
FOG,-0.5,NA,5,4.7,5.2,no,NA,NA,no,0
FOL,0,NA,1,6.5,6,no,NA,NA,yes,0
FOO,0,NA,0,NA,NA,no,NA,NA,no,0
FOR,-0.5,NA,48,3.247916667,7.645833333,no,NA,NA,no,0
FOS,0,NA,1,13.4,5,no,NA,NA,yes,0
FRA,-0.5,NA,14,14.20714286,2.571428571,yes,no,22,no,0
FRD,0,NA,3,9.233333333,2.666666667,no,NA,NA,no,0
FRE,0,NA,2,12.85,2,no,NA,NA,yes,0
FRF,0,NA,9,1.744444444,2,no,NA,NA,yes,0
FRI,0,NA,2,6.95,4,no,NA,NA,no,0
FRK,0.5,D,3,10.66666667,6,no,NA,NA,no,0
FRN,0,NA,2,2.85,4,no,NA,NA,no,0
FRO,0,NA,1,6.4,8,no,NA,NA,no,0
FRU,0,NA,4,13.375,4,no,NA,NA,yes,0
FRY,0,NA,8,7.325,5.75,no,NA,NA,no,0
FRZ,0,NA,33,4.075,6.96969697,no,NA,NA,no,0
FUL,0.5,F,8,11.1375,9.25,no,NA,NA,no,0
FUN,0,NA,11,13.68181818,7.818181818,no,NA,NA,no,0
FUS,0,NA,7,4.014285714,7.428571429,no,NA,NA,no,0
FZZ,0,NA,1,1.6,7,no,NA,NA,no,0
GAL,0,NA,3,10.36666667,4.666666667,no,NA,NA,no,0
GAR,0,NA,7,12.5,4.714285714,no,NA,NA,no,0
GEG,0,NA,1,7.8,10,no,NA,NA,no,0
GEN,0,NA,7,12.75714286,3,no,NA,NA,no,0
GER,0,NA,1,1.1,4,no,NA,NA,yes,0
GHA,0,NA,2,4.95,12,no,NA,NA,no,0
GHO,-0.5,NA,1,7.7,2,no,NA,NA,no,0
GIA,-0.5,NA,7,13.41428571,5.714285714,no,NA,NA,no,0
GIB,0,NA,1,5.1,14,no,NA,NA,no,0
GIF,0,NA,4,8.925,7.25,no,NA,NA,no,0
GIN,-0.5,NA,18,13.03888889,2.777777778,yes,yes,15,no,0
GIR,0.5,H,19,7.684210526,8,no,NA,NA,no,0
GIS,0,NA,7,10.48571429,3.428571429,no,NA,NA,no,0
GLE,0.5,E,49,13.61041667,8.081632653,no,NA,NA,no,0
GMP,-0.5,E,11,5.990909091,6.545454545,no,NA,NA,no,0
GNA,0,NA,1,7.7,2,no,NA,NA,no,0
GNL,0.5,H,52,3.562,4.961538462,no,NA,NA,no,0
GNT,0,NA,8,2.1625,3.875,no,NA,NA,no,0
GOB,0,NA,1,14,2,no,NA,NA,yes,0
GOL,-0.5,NA,3,7.633333333,7.666666667,no,NA,NA,no,0
GOM,0,NA,3,11,7,no,NA,NA,no,0
GON,0,NA,1,5.8,4,no,NA,NA,yes,0
GOR,0,NA,5,8.74,9.8,no,NA,NA,no,0
GOY,0,NA,1,1.6,2,no,NA,NA,yes,0
GPA,0,NA,1,9.8,10,no,NA,NA,yes,0
GRA,0,NA,1,11.2,4,no,NA,NA,yes,0
GRE,0.5,H,56,3.638888889,5.303571429,no,NA,NA,no,0
GRI,0,NA,3,3.433333333,7,no,NA,NA,no,0
GRO,0,NA,13,9.884615385,5,no,NA,NA,no,0
GRU,0,NA,4,7.3,8.25,no,NA,NA,yes,0
GUA,0,NA,8,12.3875,2.25,no,NA,NA,yes,0
GUD,0,NA,1,3.8,7,no,NA,NA,no,0
GUI,-0.5,E,32,13.59375,2.875,yes,yes,16,no,0
GUS,0.5,E,40,4.951282051,5.475,no,NA,NA,yes,0
GVY,0.5,E,52,6.561538462,3.903846154,no,NA,NA,no,0
GWE,0,NA,2,13.1,2,no,NA,NA,yes,0
HAL,0,NA,1,11.5,3,no,NA,NA,no,0
HAM,0.5,F,39,13.4,7.692307692,no,NA,NA,no,0
HAN,0,NA,7,10.08571429,7.857142857,no,NA,NA,no,0
HAR,0,NA,2,5.45,11,no,NA,NA,yes,0
HAS,-0.5,E,5,3.82,6.6,no,NA,NA,no,0
HAT,0,NA,1,11.3,3,no,NA,NA,no,0
HAV,-0.5,E,24,14.05416667,2.833333333,yes,no,69,yes,0
HAW,0,NA,3,7.633333333,7.666666667,no,NA,NA,yes,0
HAY,0,NA,4,7.175,6.25,no,NA,NA,no,0
HAZ,0,NA,13,14.17692308,2.230769231,no,NA,NA,yes,0
HEA,-0.5,E,27,12.77777778,5.074074074,no,NA,NA,yes,0
HEE,0,NA,2,0.75,4.5,no,NA,NA,yes,0
HEI,0,NA,2,8.4,9,no,NA,NA,no,0
HEL,0,NA,4,1.45,2.75,no,NA,NA,yes,0
HEN,0,NA,13,11.75384615,6,no,NA,NA,no,0
HER,0,NA,4,11.875,6.75,no,NA,NA,no,0
HFF,0,NA,22,2.904545455,5.863636364,no,NA,NA,yes,1
HIE,-0.5,NA,1,8.2,2,no,NA,NA,no,0
HIL,0,NA,3,6.166666667,3.333333333,no,NA,NA,no,0
HIO,0,NA,2,8.05,7.5,no,NA,NA,no,0
HIP,-0.5,E,23,12.14347826,2.608695652,yes,no,46,yes,0
HIR,0,NA,10,12.4,6.9,no,NA,NA,no,0
HJA,-0.5,F,0,NA,NA,no,NA,NA,no,0
HLI,-0.5,E,28,7.557142857,2.464285714,no,NA,NA,no,0
HLM,0.5,H,50,4.892,3.42,no,NA,NA,yes,0
HMC,0,NA,3,13.4,1.666666667,no,NA,NA,yes,0
HMS,0,NA,1,5.1,14,no,NA,NA,no,0
HMT,-0.5,H,9,5.188888889,4.555555556,no,NA,NA,no,0
HNF,0,NA,6,13.06666667,5.666666667,no,NA,NA,yes,0
HNN,0,NA,1,8.3,8,no,NA,NA,no,0
HOD,0,NA,5,13.1,4.8,no,NA,NA,no,0
HOG,0.5,E,21,11.31428571,5.80952381,no,NA,NA,no,0
HOK,0.5,F,5,3.96,6,no,NA,NA,no,0
HOL,0,NA,1,6,8,no,NA,NA,yes,0
HOM,0,NA,1,8.4,6,no,NA,NA,yes,0
HON,-0.5,NA,7,10.27142857,4,no,NA,NA,no,0
HOO,0,NA,1,7.4,5,no,NA,NA,yes,0
HOP,0,NA,10,12.12,3,no,NA,NA,yes,1
HOY,0,NA,2,5.05,13,no,NA,NA,no,0
HPS,0,NA,6,5.416666667,4.666666667,no,NA,NA,yes,0
HRC,0,NA,1,13.7,7,no,NA,NA,no,0
HRT,0,NA,1,7.7,6,no,NA,NA,no,0
HTA,0,NA,2,8.05,12,no,NA,NA,no,0
HTG,0,NA,1,13.3,3,no,NA,NA,no,0
HUK,0,NA,0,NA,NA,no,NA,NA,no,0
HUL,-0.5,NA,1,7.4,5,no,NA,NA,no,0
HZP,0,NA,11,7.272727273,2.727272727,no,NA,NA,yes,0
ICE,-0.5,E,33,13.35454545,2.666666667,yes,no,63,yes,0
IGL,0,F,4,8.8,7.75,no,NA,NA,no,0
IGO,-0.5,E,25,11.46,2,no,NA,NA,no,0
ILE,0.5,E,2,7.1,3.5,no,NA,NA,no,0
IMP,0,NA,1,9.8,8,no,NA,NA,no,0
IND,0,NA,1,13.9,5,no,NA,NA,yes,0
ING,0,NA,2,8.6,1.5,no,NA,NA,no,0
INS,0,NA,9,5.188888889,3.777777778,no,NA,NA,yes,0
ION,0,NA,1,7.3,17,no,NA,NA,yes,0
ISA,-0.5,NA,18,12.15882353,6,no,NA,NA,no,0
ITA,0,NA,6,9.783333333,2.666666667,no,NA,NA,no,0
IVA,0.5,E,35,13.80571429,5.257142857,yes,yes,58,no,0
JAC,-0.5,NA,6,13.26666667,2.166666667,yes,yes,7,no,0
JAL,0,NA,3,14.36666667,2.666666667,no,NA,NA,yes,0
JAM,0,NA,2,9,5,no,NA,NA,yes,0
JAN,0,NA,1,5.7,10,no,NA,NA,yes,0
JAY,0,NA,1,4.5,2,no,NA,NA,no,0
JAZ,0,NA,7,4.628571429,7.571428571,no,NA,NA,no,0
JCB,0,NA,2,15.7,6.5,no,NA,NA,no,0
JCO,0,NA,4,5.375,15,no,NA,NA,yes,0
JEF,0,NA,16,13.1125,4.5625,no,NA,NA,no,0
JEN,0.5,NA,33,3.346875,6.303030303,no,NA,NA,no,0
JER,0,NA,0,NA,NA,no,NA,NA,no,0
JES,-0.5,H,16,4.05625,3.5,no,NA,NA,yes,0
JEW,0,NA,2,7.05,7.5,no,NA,NA,no,0
JIM,-0.5,H,52,6.313461538,3.096153846,no,NA,NA,no,0
JKE,0,NA,2,11.6,4,no,NA,NA,no,0
JLC,0,NA,2,10.85,2,no,NA,NA,yes,0
JME,0,NA,0,NA,NA,no,NA,NA,no,0
JMJ,0,NA,2,7.45,9,no,NA,NA,no,0
JMS,0.5,H,10,4.16,7.7,no,NA,NA,no,0
JNE,0,NA,1,1.7,7,no,NA,NA,no,0
JNO,0,NA,2,6.4,6.5,no,NA,NA,no,0
JOB,0,NA,10,9.95,5.7,no,NA,NA,no,0
JOC,0,NA,39,11.14615385,7.307692308,no,NA,NA,no,0
JOE,0,NA,6,9.55,3.333333333,no,NA,NA,no,0
JOH,0,NA,1,7,4,no,NA,NA,yes,0
JOI,0,NA,6,5.7,7.5,no,NA,NA,no,0
JOK,0,NA,4,6.45,5,no,NA,NA,no,0
JOL,0,NA,2,1.25,5.5,no,NA,NA,yes,0
JON,0.5,E,33,11.73939394,6.696969697,yes,no,61,no,0
JOR,0,NA,0,NA,NA,no,NA,NA,no,0
JOS,-0.5,NA,3,6.8,3,no,NA,NA,no,0
JOU,0,NA,5,8.84,2.8,no,NA,NA,no,0
JSH,0,NA,2,3.25,4,no,NA,NA,yes,0
JUA,0,NA,3,5.9,10,no,NA,NA,no,0
JUC,0,NA,5,13.68,4.4,no,NA,NA,yes,0
JUD,0,NA,2,11.15,9,no,NA,NA,no,0
JUF,-0.5,K,57,3.378181818,7.087719298,no,NA,NA,no,0
JUI,0,NA,4,8.525,7.5,no,NA,NA,no,0
JUL,0.5,E,55,4.229090909,4.236363636,no,NA,NA,no,0
JUM,0,NA,16,8.06875,6.0625,no,NA,NA,no,0
JUN,-0.5,NA,3,11.4,8.666666667,no,NA,NA,no,0
JUP,0,NA,16,12.56875,5.6875,no,NA,NA,no,0
JUS,0.5,F,37,13.51666667,7.72972973,no,NA,NA,no,0
KAD,-0.5,NA,27,13.45555556,5.481481481,no,NA,NA,yes,0
KAH,-0.5,E,32,13.490625,3.09375,yes,yes,20,no,0
KAI,0.5,H,9,5.211111111,8.555555556,no,NA,NA,no,0
KAM,-0.5,NA,23,3.638095238,3.347826087,no,NA,NA,no,0
KAN,-0.5,H,107,3.913084112,5.289719626,no,NA,NA,no,0
KAR,0,NA,1,8.3,8,no,NA,NA,no,0
KAS,0.5,H,6,3,7.333333333,no,NA,NA,no,0
KAZ,0,NA,26,4.211538462,4.307692308,no,NA,NA,yes,0
KDA,-0.5,NA,1,6,3,no,NA,NA,no,0
KEA,0,NA,1,13.5,2,no,NA,NA,no,0
KEE,-0.5,NA,3,12.56666667,3.666666667,no,NA,NA,no,0
KEL,-0.5,NA,4,5.325,9,no,NA,NA,no,0
KEN,0.5,F,43,13.52325581,8.139534884,no,NA,NA,no,0
KER,0,NA,5,7.16,5.2,no,NA,NA,no,0
KEY,0,NA,1,7.4,7,no,NA,NA,no,0
KIM,0,NA,2,5.05,4,no,NA,NA,no,0
KIN,-0.5,H,29,8.017241379,5.551724138,no,NA,NA,no,0
KLA,0,NA,8,13.5375,1.5,yes,yes,49,no,0
KLI,0.5,H,102,5.575247525,4.676470588,no,NA,NA,no,0
KLN,0,NA,1,3.3,16,no,NA,NA,yes,0
KMO,0.5,E,17,5.676470588,2.1875,no,NA,NA,yes,0
KNA,0,NA,2,2.95,11.5,no,NA,NA,yes,0
KNB,0,NA,9,9.622222222,5.333333333,no,NA,NA,yes,0
KNI,0,NA,4,7.45,7,no,NA,NA,no,0
KNU,0.5,E,56,3.888888889,4.785714286,no,NA,NA,no,0
KOA,0,NA,5,14.04,3,no,NA,NA,yes,0
KON,0,NA,16,6.55,4.75,no,NA,NA,yes,1
KRA,0.5,E,16,11.775,5.125,no,NA,NA,no,0
KRP,0,NA,1,4.5,7,no,NA,NA,no,0
KRU,0.5,NA,56,3.290909091,7.035714286,no,NA,NA,yes,0
KTY,0,NA,1,5.5,16,no,NA,NA,no,0
KUD,0.5,D,3,6.966666667,10,no,NA,NA,no,0
KYR,0,NA,10,12.08,2.1,no,NA,NA,no,0
LAC,0,NA,1,13.9,1,no,NA,NA,no,0
LAG,-0.5,NA,2,5.1,5.5,no,NA,NA,no,0
LAL,0,NA,2,8.75,8,no,NA,NA,no,0
LAM,0,NA,1,10.2,11,no,NA,NA,no,0
LAN,0,NA,0,NA,NA,no,NA,NA,no,0
LAR,0,NA,11,13.24545455,4.818181818,no,NA,NA,yes,0
LAS,0,NA,6,13.36666667,3.166666667,no,NA,NA,yes,0
LAT,-0.5,NA,12,5.691666667,3.5,no,NA,NA,no,0
LAU,0,NA,9,12.73333333,4.555555556,no,NA,NA,no,0
LAW,0,NA,1,5.5,16,no,NA,NA,no,0
LAY,0,NA,1,3.8,4,no,NA,NA,no,0
LEA,-0.5,E,23,7.286956522,2.173913043,no,NA,NA,no,0
LEC,0.5,H,20,7.575,4.65,no,NA,NA,no,0
LEE,0,NA,1,10.5,2,no,NA,NA,yes,0
LEH,0.5,D,2,5.85,5.5,no,NA,NA,no,0
LEM,-0.5,E,53,13.58076923,4.79245283,no,NA,NA,no,0
LEN,0,NA,12,11.95833333,6.333333333,no,NA,NA,no,0
LEO,0,NA,4,8.05,5.25,no,NA,NA,no,0
LES,0,NA,1,9.2,7,no,NA,NA,no,0
LET,0,NA,1,14.6,5,no,NA,NA,no,0
LEV,0,NA,2,12.95,2,no,NA,NA,yes,0
LGT,-0.5,NA,24,3.370833333,4.083333333,no,NA,NA,no,0
LIA,0,NA,3,8.233333333,8.333333333,no,NA,NA,no,0
LIB,0,NA,1,15.6,8,no,NA,NA,yes,0
LIE,-0.5,E,29,13.23103448,4.24137931,yes,yes,26,no,0
LIH,0.5,H,12,7.675,7.583333333,no,NA,NA,no,0
LIL,0.5,E,34,3.444117647,6.117647059,no,NA,NA,no,0
LIM,-0.5,E,77,12.96133333,4.298701299,no,NA,NA,yes,0
LIN,0,NA,3,8.8,3,no,NA,NA,no,0
LIS,0,NA,11,13.59090909,6,no,NA,NA,yes,0
LIZ,-0.5,E,27,13.27407407,3.037037037,yes,no,44,yes,0
LLO,0,NA,2,10.15,9,no,NA,NA,no,0
LMC,-0.5,E,5,4.74,7.2,no,NA,NA,no,0
LMM,0,NA,7,3.22,2.142857143,no,NA,NA,yes,0
LMP,0,NA,1,9.3,4,no,NA,NA,yes,0
LOI,-0.5,H,17,13.27058824,4.647058824,no,NA,NA,no,0
LOL,-0.5,H,9,5.022222222,2.444444444,no,NA,NA,no,0
LOO,-0.5,NA,9,12.35555556,5.777777778,no,NA,NA,no,0
LOR,0,NA,1,13.1,1,no,NA,NA,no,0
LOU,0,NA,3,10.76666667,4.333333333,no,NA,NA,no,0
LUA,0,NA,9,10.58888889,9.444444444,no,NA,NA,no,0
LUC,0.5,E,3,7.233333333,3.333333333,no,NA,NA,no,0
LUK,-0.5,H,65,2.798461538,3.661538462,no,NA,NA,no,0
LUY,0,NA,12,1.758333333,3,no,NA,NA,yes,0
LWS,-0.5,NA,2,5.45,11,no,NA,NA,no,0
LYN,0,NA,7,9.771428571,11.28571429,no,NA,NA,no,0
MAA,0.5,E,45,12.89555556,5.977777778,yes,yes,48,no,0
MAC,0.5,E,21,6.419047619,8.428571429,no,NA,NA,no,0
MAD,0,NA,1,2.7,7,no,NA,NA,no,0
MAE,0.5,E,23,10.86086957,3.608695652,no,NA,NA,no,0
MAG,-0.5,NA,1,7.8,6,no,NA,NA,no,0
MAI,-0.5,E,4,6.65,5.25,no,NA,NA,no,0
MAJ,0,NA,15,10.05333333,4,no,NA,NA,no,0
MAK,0.5,F,40,13.1075,7.125,no,NA,NA,no,0
MAL,-0.5,E,52,13.05576923,3.653846154,yes,yes,35,no,0
MAN,-0.5,NA,14,10.82142857,5.642857143,no,NA,NA,no,0
MAO,-0.5,NA,25,3.534782609,5.56,no,NA,NA,no,0
MAR,-0.5,E,20,13.7,2.7,yes,yes,1,no,0
MAS,0,NA,4,6.25,6,no,NA,NA,yes,0
MAT,-0.5,NA,2,9.8,4.5,no,NA,NA,no,0
MAV,-0.5,E,69,13.01884058,5.333333333,no,NA,NA,no,0
MAX,-0.5,E,2,3.5,10,no,NA,NA,no,0
MAY,-0.5,NA,12,13.99166667,2.5,yes,yes,23,no,0
MAZ,0,NA,1,13.7,6,no,NA,NA,yes,0
MCA,0,NA,8,3.2125,3.125,no,NA,NA,no,0
MCF,0,NA,1,7.5,6,no,NA,NA,yes,0
MCH,0,NA,1,9.3,2,no,NA,NA,yes,0
MCJ,0,NA,1,2.2,7,no,NA,NA,no,0
MCK,0,NA,4,3.675,6,no,NA,NA,no,0
MCO,0,NA,1,11.9,2,no,NA,NA,no,0
MDA,0,NA,2,4.95,3.5,no,NA,NA,yes,0
MEE,0,NA,1,9.3,2,no,NA,NA,no,0
MEL,-0.5,NA,1,5.7,10,no,NA,NA,no,0
MEN,-0.5,H,6,7.35,4.166666667,no,NA,NA,no,0
MER,0,NA,6,11.78333333,2,no,NA,NA,yes,0
MEZ,0,NA,3,10.63333333,3.333333333,no,NA,NA,yes,0
MHA,0,NA,35,12.95142857,4.8,no,NA,NA,yes,0
MIA,0,NA,20,4.95,4.3,no,NA,NA,yes,1
MIC,0,NA,24,11.3125,7.916666667,no,NA,NA,no,0
MIH,0.5,H,24,7.25,9.291666667,no,NA,NA,no,0
MIK,0.5,E,2,14.1,1,no,NA,NA,no,0
MIL,-0.5,E,20,7.03,2.4,no,NA,NA,no,0
MIO,0,NA,1,4.5,1,no,NA,NA,no,0
MIS,0,NA,4,14.45,2.25,no,NA,NA,yes,0
MIT,0.5,NA,64,5.085483871,6.734375,no,NA,NA,no,0
MIU,0,NA,7,10.25714286,4.428571429,no,NA,NA,no,0
MJA,0,NA,1,13.7,7,no,NA,NA,no,0
MKA,0,NA,2,7.1,2,no,NA,NA,yes,0
MLD,0,NA,7,8.257142857,2.714285714,no,NA,NA,yes,0
MLT,0,NA,5,11.68,2.4,no,NA,NA,yes,0
MMO,0,NA,2,11.05,16,no,NA,NA,yes,0
MNK,0,NA,7,12.11428571,4.857142857,no,NA,NA,yes,0
MNN,0,NA,1,6.3,5,no,NA,NA,no,0
MOC,0,NA,2,3.1,3,no,NA,NA,yes,0
MOE,0,NA,38,12.64473684,5.815789474,yes,yes,14,no,0
MOG,0,NA,1,9.8,2,no,NA,NA,yes,0
MOI,0.5,E,51,12.51176471,6.745098039,no,NA,NA,yes,0
MOJ,-0.5,NA,67,11.76567164,3.23880597,yes,yes,9,no,0
MOL,0,NA,2,3.65,6,no,NA,NA,no,0
MON,-0.5,F,20,13.635,5,no,NA,NA,no,0
MOO,0,NA,7,7.357142857,5.857142857,no,NA,NA,no,0
MOR,0,NA,3,11.13333333,7.666666667,no,NA,NA,no,0
MOS,0,NA,5,3.02,6,no,NA,NA,yes,0
MOT,0.5,E,23,10.67391304,6.173913043,no,NA,NA,no,0
MOY,-0.5,E,27,7.462962963,2.592592593,no,NA,NA,no,0
MRC,0,NA,4,4.375,5,no,NA,NA,yes,0
MRE,-0.5,NA,2,4.15,11,no,NA,NA,no,0
MRK,-0.5,NA,9,1.9375,4.666666667,no,NA,NA,no,0
MRL,0,NA,4,6.3,2.75,no,NA,NA,yes,0
MRN,0,NA,1,7.3,17,no,NA,NA,no,0
MRT,0.5,H,3,6.966666667,10,no,NA,NA,no,0
MSH,0.5,H,62,5.129032258,4.112903226,no,NA,NA,yes,0
MTH,0,NA,19,7.305263158,7,no,NA,NA,no,0
MTR,0,NA,5,7.66,3,no,NA,NA,no,0
MTY,0,NA,6,10.4,3.166666667,no,NA,NA,yes,0
MTZ,0,NA,3,3.4,8.666666667,no,NA,NA,no,0
MUD,-0.5,NA,4,8.325,3.5,no,NA,NA,no,0
MUE,0,NA,2,11.3,3,no,NA,NA,no,0
MUF,0.5,H,31,3.58,6.258064516,no,NA,NA,no,0
MUL,-0.5,NA,2,6.4,16.5,no,NA,NA,no,0
MUR,0,NA,1,5.8,15,no,NA,NA,no,0
MUS,0,NA,1,8.3,8,no,NA,NA,no,0
MYO,0,NA,5,9.72,3.6,no,NA,NA,no,0
MYS,0.5,E,21,11.96666667,8.380952381,no,NA,NA,no,0
NAC,0.5,E,2,8.8,9.5,no,NA,NA,no,0
NAD,-0.5,D,3,6.266666667,2,no,NA,NA,yes,0
NAS,0,NA,11,1.75,4.272727273,no,NA,NA,no,0
NAT,-0.5,E,23,13.41363636,6.47826087,no,NA,NA,no,0
NED,0,NA,12,12.94166667,4.5,no,NA,NA,yes,0
NEE,-0.5,H,17,5.235294118,4.352941176,no,NA,NA,yes,0
NEF,0,NA,2,10.55,3,no,NA,NA,no,0
NEI,-0.5,NA,28,12.37407407,7.857142857,no,NA,NA,no,0
NEL,-0.5,NA,6,5.533333333,4.833333333,no,NA,NA,no,0
NEM,0,NA,1,2.6,1,no,NA,NA,no,0
NIA,0,NA,2,9.1,6,no,NA,NA,yes,0
NIB,0,NA,1,8.6,1,no,NA,NA,no,0
NIC,0,NA,2,8.15,6.5,no,NA,NA,no,0
NIK,0.5,NA,1,11.3,2,no,NA,NA,yes,0
NIN,0,NA,1,10.2,5,no,NA,NA,yes,0
NIR,0.5,H,56,11.4375,7.214285714,no,NA,NA,yes,0
NIS,0,NA,1,8,2,no,NA,NA,no,0
NLE,-0.5,NA,4,2.45,7.5,no,NA,NA,no,0
NOA,0,NA,2,4.6,7.5,no,NA,NA,no,0
NOB,0,NA,4,13.45,5,no,NA,NA,no,0
NOF,0.5,E,9,7.722222222,4.333333333,no,NA,NA,no,0
NOM,0.5,E,3,6.366666667,6,no,NA,NA,no,0
NOR,0,NA,1,6.3,6,no,NA,NA,no,0
NOT,-0.5,NA,9,11.24444444,4.666666667,no,NA,NA,no,0
NTE,0,NA,2,7.45,9,no,NA,NA,no,0
NTH,0.5,H,3,4.566666667,5.666666667,no,NA,NA,no,0
NTR,0,NA,1,14.6,2,no,NA,NA,yes,0
NUD,0,NA,3,7.366666667,2.666666667,no,NA,NA,yes,0
OAK,-0.5,H,79,5.618987342,3.075949367,no,NA,NA,no,0
OBA,0,NA,1,14.6,5,no,NA,NA,no,0
OBE,0.5,F,8,6.5125,6.375,no,NA,NA,no,0
OBR,0,NA,1,16.2,1,no,NA,NA,no,0
ODB,0,NA,3,4.733333333,7,no,NA,NA,no,0
OKH,0,NA,2,11.25,3,no,NA,NA,yes,0
OLE,0.5,E,46,3.691111111,6.173913043,no,NA,NA,no,0
OLY,0,NA,3,10.7,4.333333333,no,NA,NA,yes,0
OPH,-0.5,E,41,4.73902439,5.658536585,no,NA,NA,no,0
OPR,0,NA,1,7.8,10,no,NA,NA,no,0
ORA,-0.5,E,5,5.2,4.6,no,NA,NA,no,0
ORE,0,NA,6,6.983333333,4.333333333,no,NA,NA,no,0
OSC,0,NA,1,9.8,7,no,NA,NA,no,0
OSM,0.5,E,54,5.114814815,6.759259259,no,NA,NA,no,0
OSP,0,NA,6,12.81666667,1.833333333,yes,yes,45,no,0
OST,0,NA,1,12.2,2,no,NA,NA,yes,0
OSW,0,NA,2,12.1,4,no,NA,NA,no,0
OTH,0.5,H,10,7.36,6.2,no,NA,NA,no,0
OTT,-0.5,E,28,5.796428571,3.535714286,no,NA,NA,no,0
OUC,0,NA,7,9.685714286,2.571428571,no,NA,NA,yes,0
OUZ,0,NA,8,12.6375,5.625,no,NA,NA,no,0
OVE,0.5,H,12,4.716666667,5.916666667,no,NA,NA,no,0
OVO,0,NA,4,5.8,5.25,no,NA,NA,no,0
OYA,0,NA,2,3.15,3.5,no,NA,NA,yes,0
PAD,0,NA,1,7,4,no,NA,NA,yes,0
PAI,0,NA,1,6.9,1,no,NA,NA,no,0
PAL,0.5,H,3,7.166666667,3.666666667,no,NA,NA,no,0
PAM,0.5,E,34,4.487878788,8,no,NA,NA,no,0
PAN,-0.5,H,83,11.44878049,5.698795181,no,NA,NA,no,0
PAR,0.5,D,11,8.872727273,4.363636364,no,NA,NA,no,0
PAS,0,NA,14,12.83571429,2.214285714,no,NA,NA,yes,1
PAT,0.5,F,53,12.81886792,8.075471698,no,NA,NA,no,0
PAU,0.5,H,22,7.277272727,9.818181818,no,NA,NA,no,0
PAW,0,NA,1,1.3,2,no,NA,NA,yes,0
PCT,0,NA,3,7,3,no,NA,NA,no,0
PEA,-0.5,NA,6,12.91666667,2.833333333,yes,yes,17,no,0
PEC,-0.5,E,9,5,3.222222222,no,NA,NA,no,0
PED,0,NA,1,9.2,7,no,NA,NA,no,0
PEN,0,NA,1,5.5,4,no,NA,NA,yes,0
PEP,0,NA,3,9.633333333,5,no,NA,NA,no,0
PER,0,NA,4,7.325,4.75,no,NA,NA,yes,0
PET,0,NA,1,5.1,14,no,NA,NA,no,0
PEY,0.5,H,64,11.571875,6.15625,no,NA,NA,yes,0
PGN,0,NA,8,9.8,6.625,no,NA,NA,yes,0
PGY,0,NA,2,3.8,11.5,no,NA,NA,yes,0
PHA,0,NA,1,4.1,2,no,NA,NA,no,0
PHI,-0.5,NA,22,12.75909091,5.363636364,no,NA,NA,no,0
PIA,0.5,H,42,4.353658537,6.523809524,no,NA,NA,yes,0
PIC,0,NA,7,9.557142857,6.142857143,no,NA,NA,no,0
PIE,0,NA,1,2.9,5,no,NA,NA,no,0
PIM,0,NA,6,11.51666667,2.5,yes,yes,47,no,0
PIN,-0.5,E,21,14.30952381,2.285714286,yes,yes,12,no,0
PIP,0,NA,1,13.8,4,no,NA,NA,yes,0
PIR,-0.5,NA,10,8.68,2.3,no,NA,NA,no,0
PJA,0,NA,9,12,6.111111111,no,NA,NA,yes,0
PLA,0,NA,0,NA,NA,no,NA,NA,no,0
PLM,0,NA,1,4,2,no,NA,NA,yes,0
PLO,0,NA,2,12.35,4,no,NA,NA,no,0
PML,0,NA,6,4.8,7,no,NA,NA,no,0
PNA,-0.5,NA,9,10.23333333,5.111111111,no,NA,NA,no,0
PNN,0.5,E,40,6.8075,3.575,no,NA,NA,yes,0
POB,0.5,K,7,4.016666667,7.428571429,no,NA,NA,no,0
POE,0,NA,9,7.5,6.222222222,no,NA,NA,no,0
POI,0,NA,24,13.40416667,8.958333333,no,NA,NA,no,0
POK,0,NA,2,3.15,2,no,NA,NA,yes,0
PON,-0.5,H,1,3.7,12,no,NA,NA,no,0
POO,-0.5,NA,118,3.88220339,5.050847458,no,NA,NA,yes,0
POP,0,NA,3,6.5,2.333333333,no,NA,NA,yes,0
POR,0.5,E,46,13.31333333,6.52173913,no,NA,NA,no,0
POS,-0.5,NA,1,9,5,no,NA,NA,no,0
POT,-0.5,E,6,5.383333333,8.666666667,yes,yes,52,no,0
POW,0,NA,8,9.3625,5.25,no,NA,NA,no,0
POX,-0.5,E,8,4.35,6.625,no,NA,NA,no,0
PPY,-0.5,H,1,7,4,no,NA,NA,no,0
PRC,0,NA,12,5.791666667,4.416666667,no,NA,NA,yes,0
PRH,0,NA,2,14.05,2.5,no,NA,NA,yes,0
PRI,0,NA,2,8.65,8.5,no,NA,NA,no,0
PRK,0,NA,33,5.484848485,5.363636364,no,NA,NA,no,0
PRO,0,NA,3,13.43333333,7.333333333,no,NA,NA,yes,0
PTA,-0.5,E,53,6.443396226,3.41509434,no,NA,NA,yes,0
PTG,0,NA,4,4.325,5.25,no,NA,NA,yes,0
PUA,0,NA,8,7.875,6.375,no,NA,NA,no,0
PUC,0,NA,4,3.575,4,no,NA,NA,yes,0
PUM,-0.5,NA,8,4.775,4.875,no,NA,NA,no,0
PUN,-0.5,H,11,11.67272727,8.272727273,no,NA,NA,no,0
PUP,0,NA,4,5.65,6,no,NA,NA,no,0
PUT,0,NA,8,9.4,6.875,no,NA,NA,no,0
PYT,0,NA,1,5.1,3,no,NA,NA,no,0
QUA,-0.5,E,3,11.86666667,2,yes,yes,65,no,0
RAD,0.5,H,82,3.72,7.024390244,no,NA,NA,no,0
RAG,0,NA,3,4.866666667,3.666666667,no,NA,NA,no,0
RAH,0,NA,1,6.3,5,no,NA,NA,no,0
RAL,0,NA,2,7.6,4,no,NA,NA,no,0
RAM,0.5,F,3,4.266666667,5,no,NA,NA,no,0
RAN,0,NA,1,3.5,9,no,NA,NA,no,0
RAP,0,NA,10,3.79,2,no,NA,NA,yes,0
RAS,0,NA,3,3.766666667,5.666666667,no,NA,NA,no,0
RAT,0,NA,24,12.25833333,5.125,no,NA,NA,no,0
RAU,0,NA,1,7.3,2,no,NA,NA,no,0
RBY,0,NA,5,13.22,8.2,no,NA,NA,no,0
RCO,0,NA,1,5.1,14,no,NA,NA,no,0
RCY,0,NA,1,14.7,2,no,NA,NA,yes,0
RDA,0.5,E,37,12.29459459,6.135135135,yes,no,68,no,0
RED,0,NA,7,8.1,2.714285714,no,NA,NA,no,0
REE,0,NA,6,5.983333333,6.166666667,no,NA,NA,no,0
REG,0.5,H,35,7.417142857,4.8,no,NA,NA,yes,0
REX,-0.5,H,32,4.6,2.3125,no,NA,NA,no,0
RGN,0,NA,5,1.42,4.2,no,NA,NA,yes,0
RHI,0,NA,4,8.925,7.25,no,NA,NA,no,0
RHY,-0.5,E,8,13.3875,3.625,yes,yes,39,no,0
RIC,0,NA,1,7.8,10,no,NA,NA,no,0
RID,0,NA,1,7.7,2,no,NA,NA,yes,0
RIN,-0.5,NA,4,11.425,7.25,no,NA,NA,no,0
RIO,-0.5,E,10,12.02,2.3,yes,yes,21,no,0
RIS,0,NA,12,11.51666667,3.583333333,no,NA,NA,yes,0
RIT,-0.5,E,37,13.35135135,6.594594595,no,NA,NA,yes,0
RJA,0.5,E,6,8.866666667,4.666666667,yes,no,76,no,0
RLF,0,NA,13,11.8,6.230769231,no,NA,NA,yes,0
RNA,0,NA,1,12.8,7,no,NA,NA,no,0
ROB,0,NA,7,4.714285714,8,no,NA,NA,no,0
ROC,0,NA,0,NA,NA,no,NA,NA,no,0
ROG,0.5,E,62,7.588709677,5.870967742,no,NA,NA,no,0
ROH,0,NA,1,2.8,9,no,NA,NA,no,0
ROK,0,NA,0,NA,NA,no,NA,NA,yes,0
RON,0.5,E,70,7.591428571,5.585714286,no,NA,NA,no,0
ROO,0,NA,22,3.722727273,4.272727273,no,NA,NA,yes,1
ROS,-0.5,NA,4,7.15,6,no,NA,NA,no,0
ROT,0,NA,1,6.7,1,no,NA,NA,no,0
ROY,0,NA,1,13.5,2,no,NA,NA,no,0
RPC,0,NA,2,6.3,3.5,no,NA,NA,no,0
RTR,-0.5,E,8,8.3,6.75,no,NA,NA,no,0
RUD,0,NA,2,10.4,5.5,no,NA,NA,no,0
RUM,0,NA,3,15.33333333,2.666666667,no,NA,NA,yes,0
RYA,0,NA,1,9,5,no,NA,NA,no,0
RYL,0,NA,1,2.8,9,no,NA,NA,no,0
RYM,0.5,H,11,2.690909091,5.363636364,no,NA,NA,yes,0
SAI,0,NA,0,NA,NA,no,NA,NA,no,0
SAL,-0.5,H,73,5.275,3.616438356,no,NA,NA,no,0
SAM,-0.5,E,37,12.77027027,2.486486486,yes,yes,24,no,0
SAN,-0.5,E,13,12.91538462,2.307692308,yes,no,42,no,0
SAR,0,NA,1,2.8,9,no,NA,NA,no,0
SAS,0.5,E,72,3.177464789,5.638888889,no,NA,NA,no,0
SAV,0,NA,2,6.05,11,no,NA,NA,no,0
SAW,0.5,D,7,7.842857143,6.571428571,no,NA,NA,no,0
SCA,0,NA,1,4.2,7,no,NA,NA,no,0
SCH,0,NA,7,8.314285714,7.142857143,no,NA,NA,no,0
SCN,-0.5,NA,2,9,5,no,NA,NA,no,0
SCO,0.5,H,42,6.976190476,5.142857143,no,NA,NA,no,0
SCT,0.5,E,39,13.65128205,4.923076923,yes,yes,50,no,0
SDR,0.5,H,24,7.129166667,6.458333333,no,NA,NA,no,0
SER,0,NA,1,9.6,5,no,NA,NA,no,0
SGO,0,NA,2,11.95,2,no,NA,NA,yes,0
SHA,-0.5,H,18,5.827777778,1.833333333,no,NA,NA,no,0
SHD,0,NA,1,6.3,5,no,NA,NA,no,0
SHE,0.5,E,21,12.41904762,5.571428571,no,NA,NA,no,0
SHI,-0.5,H,11,11.38181818,9.818181818,no,NA,NA,no,0
SHK,0.5,E,23,5.165217391,4.956521739,no,NA,NA,no,0
SHM,0,NA,1,6,3,no,NA,NA,yes,0
SHN,0,NA,3,7.233333333,6,no,NA,NA,no,0
SHO,-0.5,E,11,14.64545455,2.363636364,yes,yes,32,no,0
SHP,0,NA,2,8.25,4.5,no,NA,NA,yes,0
SHR,0.5,E,44,3.997674419,7.181818182,no,NA,NA,yes,0
SHU,0,NA,8,2.7625,4.25,no,NA,NA,yes,0
SHW,-0.5,NA,9,12.24444444,9.333333333,no,NA,NA,no,0
SIC,0,NA,1,7.9,3,no,NA,NA,yes,0
SIE,0,NA,1,9.5,3,no,NA,NA,no,0
SIL,-0.5,E,31,10.89032258,4.129032258,yes,yes,34,no,0
SIM,0.5,E,76,3.669333333,6.210526316,no,NA,NA,no,0
SIN,0,NA,2,7.35,15.5,no,NA,NA,no,0
SIO,-0.5,A,1,2.2,7,no,NA,NA,no,0
SIP,-0.5,NA,1,8.4,6,no,NA,NA,no,0
SIV,0,NA,1,2.7,3,no,NA,NA,no,0
SJA,0.5,A,2,1.5,4,no,NA,NA,no,0
SKE,-0.5,H,24,3.495833333,5.041666667,no,NA,NA,no,0
SKP,0,NA,2,12.1,4,no,NA,NA,no,0
SKT,0,NA,24,12.25416667,6.166666667,no,NA,NA,yes,0
SKU,-0.5,NA,8,8.5875,3.75,no,NA,NA,no,0
SLK,-0.5,H,2,6.95,16,no,NA,NA,no,0
SLM,-0.5,H,51,1.954901961,2.843137255,no,NA,NA,no,0
SLO,0,NA,10,4.57,3.9,no,NA,NA,yes,0
SLR,0,NA,3,5.366666667,6.666666667,no,NA,NA,yes,0
SLS,0,NA,3,8.2,2.333333333,no,NA,NA,yes,0
SLU,0,NA,1,14.4,1,no,NA,NA,no,0
SLV,0,NA,2,9.15,6,no,NA,NA,no,0
SLY,0,NA,1,13.7,7,no,NA,NA,no,0
SME,0,NA,2,9.1,4,no,NA,NA,yes,0
SMI,0,NA,3,12,1.333333333,yes,yes,41,no,0
SML,0.5,E,4,7.9,1.5,no,NA,NA,yes,0
SMO,-0.5,K,41,3.641025641,6.731707317,no,NA,NA,no,0
SMU,0.5,E,28,10.62857143,5.357142857,no,NA,NA,no,0
SNA,0,NA,2,8.3,7,no,NA,NA,no,0
SND,0,NA,1,14.6,5,no,NA,NA,yes,0
SNE,0,NA,2,8.25,4.5,no,NA,NA,no,0
SNG,0,NA,1,3,2,no,NA,NA,yes,0
SNO,0,NA,2,4.15,6,no,NA,NA,no,0
SNR,-0.5,H,71,5.549295775,3.422535211,no,NA,NA,no,0
SNU,0,NA,3,6.866666667,4.333333333,no,NA,NA,no,0
SOF,0,NA,1,3.8,4,no,NA,NA,no,0
SOM,0,NA,17,2.723529412,4.117647059,no,NA,NA,no,0
SOP,0,NA,1,15.5,2,no,NA,NA,no,0
SOT,0,NA,9,11.24444444,4.666666667,no,NA,NA,yes,0
SOU,-0.5,H,20,6.04,6.15,no,NA,NA,no,0
SOW,0,NA,0,NA,NA,no,NA,NA,yes,0
SPA,-0.5,H,2,4.75,4,no,NA,NA,no,0
SPC,-0.5,NA,1,8,1,no,NA,NA,no,0
SPD,0.5,F,3,7.3,6.333333333,no,NA,NA,no,0
SPG,0,NA,1,14.5,8,no,NA,NA,no,0
SPI,-0.5,E,16,13.0125,3.125,yes,yes,10,no,0
SPL,0.5,E,51,4.607843137,7.352941176,no,NA,NA,no,0
SPN,0,NA,3,1.6,7.333333333,no,NA,NA,yes,0
SPO,0.5,E,57,11.07192982,4.98245614,no,NA,NA,no,0
SPP,0,NA,1,9.7,7,no,NA,NA,no,0
SPR,0.5,H,24,12.60416667,4.666666667,no,NA,NA,no,0
SPT,0,NA,1,4.6,2,no,NA,NA,yes,0
SPU,0,NA,18,11.42222222,6.777777778,no,NA,NA,no,0
SPW,0,NA,2,12.9,3.5,no,NA,NA,yes,0
SPY,0.5,K,20,2.98,7.1,no,NA,NA,yes,0
SPZ,0,NA,7,4.442857143,2.428571429,no,NA,NA,yes,0
SRI,0,NA,1,13.5,3,no,NA,NA,yes,0
SRT,0,NA,6,13.33333333,5,no,NA,NA,yes,0
SSA,0,NA,8,13.2125,5,no,NA,NA,yes,0
STA,0,NA,44,13.59318182,7.727272727,no,NA,NA,no,0
STB,0,NA,1,6,2,no,NA,NA,yes,0
STE,0,NA,4,11.825,5.25,no,NA,NA,no,0
STG,0,NA,13,2.969230769,3.769230769,no,NA,NA,yes,0
STH,0,NA,1,8.2,2,no,NA,NA,yes,0
STI,-0.5,H,24,4.391666667,2.666666667,no,NA,NA,no,0
STN,0,NA,23,12.44347826,6,no,NA,NA,no,0
STO,0.5,H,7,8.914285714,12,no,NA,NA,no,0
STP,0,NA,1,3.3,16,no,NA,NA,no,0
STR,0.5,E,22,12.68181818,5.954545455,no,NA,NA,no,0
STU,-0.5,NA,13,13.21538462,4,no,NA,NA,no,0
SUE,0,NA,2,4.2,5,no,NA,NA,no,0
SUM,0,NA,1,14.5,8,no,NA,NA,no,0
SUN,-0.5,E,71,11.11857143,2.408450704,yes,yes,6,no,0
SUS,0.5,E,73,11.40684932,5.945205479,no,NA,NA,no,0
SWA,0,NA,2,3,11,no,NA,NA,yes,0
SYR,0,NA,23,13.63913043,2.652173913,yes,no,72,yes,0
TAL,0,NA,2,9.55,5.5,no,NA,NA,no,0
TAM,0.5,H,77,3.568421053,6.220779221,no,NA,NA,no,0
TAN,0,NA,4,4.575,2.75,no,NA,NA,yes,0
TAP,-0.5,E,29,14.05517241,2.896551724,yes,yes,27,yes,0
TAR,0,NA,8,11.35,4.875,no,NA,NA,yes,0
TAS,0,NA,20,10.255,3.75,no,NA,NA,no,0
TBI,0,NA,4,6.9,12,no,NA,NA,no,0
TCY,0,NA,1,9.2,7,no,NA,NA,no,0
TEC,0,NA,15,12.34666667,6.4,no,NA,NA,no,0
TEO,0,NA,1,8.3,8,no,NA,NA,no,0
TEQ,-0.5,E,20,12.055,2.05,yes,yes,2,no,0
TER,0,NA,3,7.033333333,8,no,NA,NA,no,0
THE,-0.5,E,1,2.3,3,no,NA,NA,no,0
THI,0,NA,3,4.766666667,4.333333333,no,NA,NA,no,0
THM,-0.5,NA,5,9.28,3,no,NA,NA,no,0
THO,0,NA,5,1.08,4.8,no,NA,NA,no,0
TIA,0.5,H,22,7.309090909,9.863636364,no,NA,NA,no,0
TIC,0,NA,19,11.68947368,6.789473684,no,NA,NA,no,0
TIG,0,NA,11,5.872727273,2.272727273,no,NA,NA,yes,0
TIK,0,NA,1,16,1,no,NA,NA,no,0
TIL,0,NA,2,2.55,5,no,NA,NA,no,0
TIM,0.5,H,85,3.5,6.505882353,no,NA,NA,no,0
TIN,0.5,H,73,8.016666667,5.534246575,no,NA,NA,no,0
TIO,0.5,H,36,3.517142857,5.25,no,NA,NA,no,0
TIS,0,NA,3,4.766666667,7.333333333,no,NA,NA,no,0
TIT,0,NA,1,13.8,2,no,NA,NA,yes,0
TIZ,0,NA,7,12.54285714,3.285714286,no,NA,NA,yes,0
TLI,0,NA,2,10.15,9,no,NA,NA,no,0
TNK,0,NA,3,13.5,7.666666667,no,NA,NA,yes,0
TOB,0.5,E,9,4.677777778,5.666666667,no,NA,NA,no,0
TOD,0.5,F,14,13.05384615,8,no,NA,NA,no,0
TOK,0,NA,5,6.14,2.8,no,NA,NA,yes,0
TOM,0,NA,30,4.178571429,8.266666667,no,NA,NA,no,0
TON,0,NA,5,12.7,1.8,no,NA,NA,yes,0
TOP,-0.5,F,6,7.133333333,2.333333333,no,NA,NA,no,0
TOR,-0.5,H,34,3.067647059,5.882352941,no,NA,NA,no,0
TOT,0,NA,4,3.65,4.75,no,NA,NA,no,0
TOY,0.5,F,8,8.2625,6.25,no,NA,NA,no,0
TRA,-0.5,NA,1,8.7,2,no,NA,NA,no,0
TRC,0,NA,2,5.6,7.5,no,NA,NA,no,0
TRE,0,NA,43,12.29767442,8.930232558,no,NA,NA,no,0
TRG,0,NA,2,5.9,15.5,no,NA,NA,no,0
TRI,0,NA,48,12.76458333,5.104166667,yes,yes,3,no,0
TRN,-0.5,NA,56,3.353571429,7.375,no,NA,NA,yes,0
TRO,0.5,E,15,12.02666667,8.866666667,no,NA,NA,no,0
TRU,-0.5,E,1,7.7,6,no,NA,NA,no,0
TRY,0,NA,2,5.2,6,no,NA,NA,no,0
TTS,0,NA,4,9.575,4.5,no,NA,NA,no,0
TUK,-0.5,NA,37,12.41891892,3.783783784,yes,yes,25,no,0
TUN,0.5,H,25,12.324,3.64,yes,yes,55,no,0
TUP,0,NA,3,4.733333333,7,no,NA,NA,no,0
TUR,0,NA,22,12.16363636,5.909090909,no,NA,NA,no,0
TWI,-0.5,NA,8,2.7625,4.25,no,NA,NA,no,0
TYL,0,NA,2,11.5,2,no,NA,NA,yes,0
TYS,0,NA,6,11.81666667,2.666666667,no,NA,NA,no,0
ULL,0,NA,2,5.05,4,no,NA,NA,no,0
ULY,0,NA,1,14.5,12,no,NA,NA,yes,0
UMI,0,NA,14,5.407142857,2.428571429,no,NA,NA,yes,0
UST,0,NA,1,7.3,17,no,NA,NA,no,0
UTA,0,NA,5,5.2,4.6,no,NA,NA,yes,0
UTP,-0.5,E,19,5.273684211,4.052631579,no,NA,NA,no,0
UWE,0,NA,5,6.46,5.2,no,NA,NA,no,0
VAL,0,NA,8,6.9875,2.375,no,NA,NA,no,0
VAN,0,NA,2,8.7,3,no,NA,NA,yes,0
VAS,-0.5,NA,9,6.644444444,3.888888889,no,NA,NA,no,0
VEA,-0.5,NA,10,12.98,8.9,no,NA,NA,no,0
VEN,-0.5,NA,5,10.78,1.8,yes,no,75,no,0
VET,0,NA,3,5.433333333,7,no,NA,NA,yes,0
VIC,0,NA,1,7.9,7,no,NA,NA,no,0
VIN,-0.5,NA,3,12.46666667,1.333333333,yes,yes,5,no,0
VIO,0,NA,5,13.28,6,no,NA,NA,yes,0
VIR,-0.5,E,6,4.266666667,6.5,no,NA,NA,yes,0
VIT,0.5,E,40,4.0075,7.1,no,NA,NA,no,0
VJA,0,NA,3,4.9,3.333333333,no,NA,NA,no,0
VLA,-0.5,F,30,12.77,4.333333333,no,NA,NA,no,0
VNS,-0.5,NA,4,4.375,5,no,NA,NA,no,0
VOL,0.5,E,24,12.00833333,7.25,no,NA,NA,no,0
WAA,0.5,E,6,10.11666667,7.333333333,no,NA,NA,no,0
WAH,0,NA,1,9.8,8,no,NA,NA,no,0
WAK,0,NA,3,4.55,6,no,NA,NA,yes,0
WAL,-0.5,H,103,4.210679612,5.019417476,no,NA,NA,yes,0
WAR,0,NA,3,9.233333333,9,no,NA,NA,no,0
WCO,-0.5,NA,4,5.375,15,no,NA,NA,no,0
WER,0,NA,1,13.9,10,no,NA,NA,no,0
WHI,-0.5,NA,11,12.56363636,3.090909091,yes,yes,53,no,0
WHS,0,NA,5,5.8,2,no,NA,NA,yes,0
WIL,0,NA,7,5.2,3.285714286,no,NA,NA,yes,0
WIM,0.5,E,63,3.770967742,6.111111111,no,NA,NA,no,0
WIN,-0.5,H,92,3.644565217,5.434782609,no,NA,NA,no,0
WIT,-0.5,NA,7,13.27142857,2.571428571,yes,yes,60,no,0
WIZ,0.5,D,2,11.65,4.5,no,NA,NA,no,0
WLW,0,NA,1,14,9,no,NA,NA,yes,0
WMX,-0.5,E,1,3.9,1,no,NA,NA,no,0
WOB,0.5,E,42,13.6452381,4.738095238,no,NA,NA,no,0
WOE,0,NA,1,6.2,2,no,NA,NA,yes,0
WOO,0.5,D,6,4.1,7.833333333,no,NA,NA,no,0
WTR,0,NA,1,14.5,8,no,NA,NA,no,0
XAV,0,NA,4,8.075,9.5,no,NA,NA,no,0
YAB,0,NA,64,10.975,6.15625,no,NA,NA,no,0
YAL,0,NA,20,12.265,6.55,no,NA,NA,no,0
YAR,0,NA,4,7.575,8,no,NA,NA,yes,0
YOU,0,NA,2,12.2,6,no,NA,NA,yes,0
ZAC,0,NA,1,13.7,7,no,NA,NA,no,0
ZAD,0,NA,1,10.5,2,no,NA,NA,no,0
ZAP,0,NA,2,1.15,4,no,NA,NA,yes,0
ZAR,0,NA,22,12.30909091,4.636363636,no,NA,NA,no,0
ZAZ,0.5,H,44,3.739534884,5.840909091,no,NA,NA,no,0
ZEB,0,NA,4,8.925,7.25,no,NA,NA,no,0
ZED,-0.5,E,48,5.35625,3.8125,no,NA,NA,no,0
ZEN,0,NA,9,6.022222222,3.777777778,no,NA,NA,no,0
ZEU,0,NA,15,12.88666667,5,no,NA,NA,no,0
ZMT,0,NA,1,13.5,2,no,NA,NA,yes,0
ZOL,0,NA,1,15.7,2,no,NA,NA,no,0
ZOR,0,NA,30,13.20666667,7.766666667,no,NA,NA,no,0
