IndividualsFID,Alias,Sex,BirthYear,DeathYear,Mom,FirstSighted,FirstSighted_Begin1993,LastSighted_End2014,HI_Indiv,Year_Confirmed,First_HI_Type,HI_Injury,Year_of_Injury,Injury_Type
1493,1054,NA,1991,NA,F105,12-Jun-91,09-Feb-93,13-Mar-97,0,NA,NA,0,NA,NA
3869,1091,Female,2006,2009,F109,15-Jun-06,15-Jun-06,17-Jul-09,1,2007,A,?,2009,esophageal obstruction (fish)
4089,1092,NA,2010,NA,F109,10-Jun-10,10-Jun-10,26-Dec-14,1,2012,A,0,NA,NA
5062,1093,NA,2013,2013,F109,01-Jun-13,01-Jun-13,17-Jun-13,0,NA,NA,0,NA,NA
3959,1132,NA,2007,2007,F113,07-Jun-07,07-Jun-07,12-Sep-07,0,NA,NA,0,NA,NA
5016,1134,NA,2013,NA,F113,08-May-13,08-May-13,06-Jun-14,0,NA,NA,0,NA,NA
5504,1135,NA,2014,NA,F113,21-May-14,21-May-14,11-Dec-14,0,NA,NA,0,NA,NA
4868,1231,NA,2012,NA,F123,13-Jun-12,13-Jun-12,04-Dec-14,1,2014,P,1,2014,entanglement
3828,1251,NA,2005,2005,F125,14-Sep-05,14-Sep-05,14-Sep-05,0,NA,NA,0,NA,NA
4862,1253,Male,2011,NA,F125,14-Jul-11,14-Jul-11,26-Dec-14,1,2014,A,0,NA,NA
2991,1312,NA,1999,NA,F131,08-Jun-99,08-Jun-99,18-Mar-02,0,NA,NA,0,NA,NA
3342,1313,NA,2002,2002,F131,17-May-02,17-May-02,26-Jun-02,0,NA,NA,0,NA,NA
3726,1314,NA,2004,NA,F131,21-May-04,21-May-04,01-Jul-05,0,NA,NA,0,NA,NA
3874,1315,Male,2006,2014,F131,21-Jun-06,21-Jun-06,09-Aug-14,1,2011,P,0,NA,NA
4071,1316,NA,2010,NA,F131,12-May-10,12-May-10,26-Dec-14,1,2014,P,0,NA,NA
5017,1317,NA,2013,NA,F131,08-May-13,08-May-13,26-Dec-14,0,NA,NA,0,NA,NA
4073,1351,NA,2010,NA,F135,18-May-10,18-May-10,14-Sep-11,0,NA,NA,1,2011,entanglement
5549,1373,NA,2014,NA,F137,15-Sep-14,15-Sep-14,06-Nov-14,0,NA,NA,0,NA,NA
3738,1412,NA,2004,NA,F141,15-Jun-04,15-Jun-04,15-Feb-06,0,NA,NA,0,NA,NA
4880,1414,NA,2011,NA,F141,02-Apr-12,02-Apr-12,09-May-14,0,NA,NA,0,NA,NA
5545,1415,NA,2014,NA,F141,03-Sep-14,03-Sep-14,02-Oct-14,0,NA,NA,0,NA,NA
2239,1452,NA,NA,NA,M145,31-May-95,31-May-95,10-Oct-97,0,NA,NA,0,NA,NA
3541,1453,NA,2002,NA,M145,26-Jun-03,26-Jun-03,26-Jun-03,0,NA,NA,0,NA,NA
3926,1454,NA,NA,NA,M145,24-May-06,24-May-06,07-Aug-14,1,2007,A,0,NA,NA
3999,1455,NA,2008,NA,M145,27-May-08,27-May-08,17-Sep-10,0,NA,NA,0,NA,NA
4878,1456,NA,NA,NA,M145,06-Jul-11,06-Jul-11,04-Dec-13,0,NA,NA,0,NA,NA
5507,1457,NA,NA,NA,M145,25-Jun-14,25-Jun-14,13-Nov-14,0,NA,NA,0,NA,NA
3819,1494,Female,2005,NA,F149,12-Jul-05,12-Jul-05,13-Nov-14,1,2014,A,0,NA,NA
4076,1495,Female,2010,2013,F149,26-May-10,26-May-10,06-Sep-13,0,NA,NA,1,2013,ingestion
5075,1496,NA,2013,NA,F149,09-Jul-13,09-Jul-13,03-Oct-14,1,2014,A,0,NA,NA
4882,1511,NA,2011,NA,F151,19-Jul-11,19-Jul-11,02-Oct-14,0,NA,NA,0,NA,NA
2253,1535,NA,1995,NA,F153,11-Jul-95,11-Jul-95,04-Apr-99,1,1998,P,0,NA,NA
3001,1536,NA,1999,2003,F153,10-Jul-99,10-Jul-99,12-Mar-03,0,NA,NA,1,2003,ingestion
3002,1551,NA,1999,1999,F155,16-Jul-99,16-Jul-99,26-Aug-99,0,NA,NA,0,NA,NA
4977,1555,NA,2012,2012,F155,29-Jun-12,29-Jun-12,03-Jul-12,0,NA,NA,1,2012,boat strike
5185,1556,NA,2013,NA,F155,27-Sep-13,27-Sep-13,11-Dec-14,1,2014,P,0,NA,NA
4019,1575,NA,2008,NA,F157,13-Jun-08,13-Jun-08,22-Apr-09,0,NA,NA,0,NA,NA
4015,1591,Female,2008,2008,F159,12-Jun-08,12-Jun-08,05-Dec-08,0,NA,NA,0,NA,NA
5063,1593,NA,2013,NA,F159,13-Jun-13,13-Jun-13,03-Dec-14,0,NA,NA,0,NA,NA
4879,1651,NA,2011,2015,F165,10-Jun-11,10-Jun-11,05-Nov-14,1,2011,"A, D",0,NA,NA
3827,1672,NA,2005,NA,F167,17-Aug-05,17-Aug-05,04-Jun-09,0,NA,NA,1,2008,entanglement
4092,1673,NA,2010,NA,F167,24-Jun-10,24-Jun-10,02-Dec-14,0,NA,NA,0,NA,NA
5126,1674,NA,2013,NA,F167,13-Aug-13,13-Aug-13,13-Nov-14,0,NA,NA,0,NA,NA
4842,1711,NA,2012,NA,F171,01-Aug-12,01-Aug-12,18-Jun-13,0,NA,NA,0,NA,NA
4014,1753,NA,2008,NA,F175,11-Jun-08,11-Jun-08,26-Dec-14,1,2009,P,0,NA,NA
5021,1791,NA,2013,2013,F179,23-May-13,23-May-13,13-Aug-13,0,NA,NA,0,NA,NA
4020,1813,NA,2008,2008,F181,23-Jun-08,23-Jun-08,27-Aug-08,0,NA,NA,0,NA,NA
1952,1832,NA,1993,NA,F183,28-Jul-93,28-Jul-93,22-Oct-97,1,1996,P,0,NA,NA
2969,1833,NA,1998,NA,F183,12-Nov-98,12-Nov-98,17-Aug-05,0,NA,NA,0,NA,NA
3859,1834,NA,2006,NA,F183,25-Apr-06,25-Apr-06,25-Apr-06,0,NA,NA,0,NA,NA
1256,1931,NA,1991,NA,F193,23-Aug-90,18-Aug-93,07-Aug-96,0,NA,NA,0,NA,NA
2669,1932,NA,<1997,NA,F193,03-Oct-97,03-Oct-97,06-Oct-97,0,NA,NA,0,NA,NA
5041,1991,NA,2011,2011,F199,08-Jun-11,08-Jun-11,15-Jul-11,0,NA,NA,0,NA,NA
5018,1992,NA,2013,NA,F199,21-May-13,21-May-13,03-Dec-14,0,NA,NA,0,NA,NA
5514,2071,NA,2014,NA,F207,09-Jul-14,09-Jul-14,05-Dec-14,0,NA,NA,0,NA,NA
5061,2091,NA,2013,NA,F209,10-Jun-13,10-Jun-13,04-Dec-14,0,NA,NA,0,NA,NA
2901,2102,NA,NA,NA,F210,24-Jun-98,24-Jun-98,25-Jun-98,0,NA,NA,0,NA,NA
4057,2151,NA,2009,NA,F215,06-Aug-09,06-Aug-09,11-Dec-14,0,NA,NA,1,"2010, 2011",boat strike
5077,2152,NA,2013,NA,F215,09-Jul-13,09-Jul-13,04-Dec-14,0,NA,NA,0,NA,NA
4068,2193,NA,2010,NA,F219,06-May-10,06-May-10,06-Nov-14,0,NA,NA,0,NA,NA
5076,2194,NA,2013,NA,F219,09-Jul-13,09-Jul-13,05-Nov-14,0,NA,NA,0,NA,NA
5087,2231,NA,2013,NA,F223,15-Jul-13,15-Jul-13,06-Nov-14,0,NA,NA,0,NA,NA
3972,2252,Female,<2007,2010,F225,10-Jul-07,10-Jul-07,02-Aug-10,0,NA,NA,0,NA,NA
4874,2253,NA,2011,NA,F225,03-Nov-11,03-Nov-11,06-Nov-14,0,NA,NA,0,NA,NA
3967,226C,Female,2007,NA,B226,29-Jun-07,29-Jun-07,15-Jun-10,0,NA,NA,0,NA,NA
5508,2271,NA,2014,NA,F227,25-Jun-14,25-Jun-14,04-Dec-14,0,NA,NA,0,NA,NA
5020,2313,NA,2012,NA,F231,16-Apr-13,16-Apr-13,22-May-13,0,NA,NA,0,NA,NA
3944,2SCT,NA,2006,NA,SCTN,20-Feb-07,20-Feb-07,08-Mar-10,0,NA,NA,0,NA,NA
1344,2SDC,NA,NA,NA,2SDN,10-Sep-90,22-Sep-93,22-Sep-93,0,NA,NA,0,NA,NA
316,2SDN,Female,NA,NA,NA,08-Aug-82,18-May-93,18-Aug-00,0,NA,NA,0,NA,NA
3327,2XUU,Male,NA,NA,NA,19-Apr-02,19-Apr-02,09-Oct-12,0,NA,NA,0,NA,NA
4048,2YEL,NA,2008,NA,YELP,13-May-09,13-May-09,15-Jun-10,0,NA,NA,0,NA,NA
1500,49C3,NA,<1993,NA,49LA,23-Jun-91,09-Feb-93,16-Jun-95,0,NA,NA,0,NA,NA
2761,49IS,NA,NA,NA,NA,19-Nov-97,19-Nov-97,01-Dec-09,0,NA,NA,0,NA,NA
170,49LA,Probable Female,NA,NA,NA,23-May-81,09-Feb-93,19-Aug-04,1,1989,A,0,NA,NA
4024,4C42,NA,2008,2008,F219,11-Jul-08,11-Jul-08,16-Dec-08,0,NA,NA,0,NA,NA
3723,4C4C,NA,2003,NA,F219,21-Apr-04,21-Apr-04,07-Aug-14,1,2006,A,0,NA,NA
945,AAR2,NA,NA,NA,NA,17-Sep-89,15-Jun-93,15-Jun-93,0,NA,NA,0,NA,NA
234,AARD,Probable Female,NA,NA,NA,22-Jun-82,21-Feb-01,21-Jun-06,0,NA,NA,0,NA,NA
2598,AAXE,NA,NA,NA,NA,13-Aug-97,13-Aug-97,04-Sep-13,0,NA,NA,0,NA,NA
4917,ABGL,NA,NA,NA,NA,18-Jul-11,18-Jul-11,06-Nov-14,0,NA,NA,0,NA,NA
2784,ALH2,NA,NA,NA,ALHK,09-Feb-98,09-Feb-98,14-Jul-98,0,NA,NA,0,NA,NA
3782,ALH3,NA,2004,NA,ALHK,28-Sep-04,28-Sep-04,05-Sep-14,0,NA,NA,0,NA,NA
264,ALHK,Female,NA,NA,NA,06-Jul-82,05-Jul-93,15-Sep-08,0,NA,NA,0,NA,NA
2546,ALKC,NA,1996?,NA,ALHK,28-Aug-96,28-Aug-96,28-Aug-96,0,NA,NA,0,NA,NA
3747,ALOT,NA,NA,NA,TEKK,24-Jun-04,24-Jun-04,02-Sep-14,0,NA,NA,0,NA,NA
4996,AMTS,NA,NA,NA,NA,15-May-12,15-May-12,13-Nov-14,0,NA,NA,0,NA,NA
4857,AMV1,Probable Female,NA,NA,AMVM,15-Sep-11,15-Sep-11,05-Dec-14,0,NA,NA,0,NA,NA
3584,AMVM,Probable Female,NA,NA,NA,03-Sep-03,03-Sep-03,05-Dec-14,1,2008,A,0,NA,NA
2595,APEM,NA,NA,NA,NA,12-Aug-97,12-Aug-97,12-Jun-08,0,NA,NA,0,NA,NA
3125,APLO,NA,NA,NA,NA,21-Feb-01,21-Feb-01,21-Oct-02,0,NA,NA,0,NA,NA
5268,ARCE,NA,NA,NA,NA,16-Aug-10,16-Aug-10,18-Aug-10,0,NA,NA,0,NA,NA
3744,ARRC,NA,2004,NA,ARRR,22-Jun-04,22-Jun-04,17-Jul-07,0,NA,NA,0,NA,NA
3153,ARRR,Female,NA,NA,NA,17-Aug-00,17-Aug-00,21-Jul-14,0,NA,NA,0,NA,NA
5307,ASPK,NA,NA,NA,NA,20-Nov-09,20-Nov-09,18-Jul-14,0,NA,NA,0,NA,NA
3989,ATMM,NA,NA,NA,NA,13-Nov-07,13-Nov-07,05-Sep-14,0,NA,NA,0,NA,NA
1023,ATNA,Probable Female,NA,NA,NA,12-Oct-89,05-Feb-93,04-Dec-12,0,NA,NA,0,NA,NA
5199,ATRD,Probable Female,NA,NA,NA,16-Aug-10,16-Aug-10,22-May-14,0,NA,NA,0,NA,NA
3558,B026,Male,NA,NA,NA,15-Aug-03,15-Aug-03,18-Jun-12,0,NA,NA,0,NA,NA
3568,B032,Male,NA,NA,NA,18-Aug-03,18-Aug-03,11-Sep-06,0,NA,NA,0,NA,NA
3160,B033,Female,NA,NA,NA,25-Jul-01,25-Jul-01,18-Aug-03,0,NA,NA,0,NA,NA
3667,B053,Female,NA,NA,MDNK,07-Oct-03,07-Oct-03,13-Nov-14,1,2010,P,0,NA,NA
4737,B207,NA,NA,NA,NA,20-Jun-06,20-Jun-06,03-Dec-14,1,2012,P,0,NA,NA
3968,B226,Female,NA,NA,NA,28-Jul-00,28-Jul-00,15-Jun-10,0,NA,NA,0,NA,NA
5072,B531,NA,2013,NA,B053,09-Jul-13,09-Jul-13,13-Nov-14,1,2014,A,0,NA,NA
3670,BASH,NA,NA,NA,NA,05-Nov-03,05-Nov-03,05-Sep-14,0,NA,NA,0,NA,NA
1918,BBL2,NA,1993,NA,BBLN,18-May-93,18-May-93,20-Mar-97,0,NA,NA,0,NA,NA
5525,BBL3,NA,NA,NA,BBLN,22-Jun-06,22-Jun-06,06-Nov-08,0,NA,NA,0,NA,NA
744,BBLN,Probable Female,NA,NA,NA,29-Sep-88,18-May-93,01-Aug-14,0,NA,NA,0,NA,NA
2762,BBMM,NA,NA,NA,NA,19-Nov-97,19-Nov-97,21-Feb-01,0,NA,NA,0,NA,NA
3099,BDSP,Male,NA,NA,NA,05-Oct-00,05-Oct-00,21-Aug-03,0,NA,NA,0,NA,NA
3987,BEAN,NA,NA,NA,PINT,11-Oct-07,11-Oct-07,04-Nov-07,1,2007,"A, D, G",0,NA,NA
1062,BEGR,Male,NA,2012,NA,10-Aug-90,17-Aug-93,14-Sep-12,1,1990,F,1,"<2012, 2012","boat strike, ingestion"
3932,BESR,NA,NA,NA,NA,13-Nov-06,13-Nov-06,13-Nov-06,0,NA,NA,0,NA,NA
1693,BEWT,NA,NA,NA,NA,18-Sep-91,19-Sep-97,12-May-09,0,NA,NA,0,NA,NA
5138,BGET,NA,NA,NA,NA,03-Jun-10,03-Jun-10,14-Nov-11,0,NA,NA,0,NA,NA
901,BGSQ,Male,NA,NA,NA,12-Sep-89,22-Sep-93,13-Jun-08,0,NA,NA,0,NA,NA
3953,BIK1,NA,NA,NA,BIKO,17-May-07,17-May-07,14-Dec-09,0,NA,NA,0,NA,NA
4941,BIK2,NA,NA,NA,BIKO,15-Jun-10,15-Jun-10,03-Oct-14,0,NA,NA,0,NA,NA
2737,BIKO,Female,NA,NA,NA,22-Oct-97,22-Oct-97,21-Jul-14,0,NA,NA,0,NA,NA
4006,BKH1,NA,NA,NA,BKHO,03-Jun-08,03-Jun-08,07-Sep-10,0,NA,NA,0,NA,NA
5031,BKH2,NA,NA,NA,BKHO,22-May-13,22-May-13,12-Nov-13,0,NA,NA,0,NA,NA
5571,BKH3,NA,NA,NA,BKHO,05-Nov-14,05-Nov-14,04-Dec-14,0,NA,NA,0,NA,NA
2106,BKHO,Probable Female,NA,NA,NA,01-Oct-93,01-Oct-93,04-Dec-14,0,NA,NA,0,NA,NA
1110,BKTL,NA,NA,NA,NA,16-Aug-90,08-Jun-93,21-Jun-06,0,NA,NA,0,NA,NA
1111,BKTS,NA,NA,NA,NA,16-Aug-90,19-Nov-97,21-Feb-01,0,NA,NA,0,NA,NA
3100,BKUS,NA,NA,NA,NA,05-Oct-00,05-Oct-00,04-Sep-13,0,NA,NA,0,NA,NA
3889,BLNK,NA,NA,NA,NA,10-Aug-06,10-Aug-06,07-Nov-13,0,NA,NA,0,NA,NA
3512,BLTR,NA,NA,NA,NA,07-Mar-03,07-Mar-03,14-Apr-14,0,NA,NA,0,NA,NA
3065,BMRD,NA,NA,NA,NA,17-Aug-00,17-Aug-00,07-Nov-08,0,NA,NA,0,NA,NA
3463,BNDS,Probable Female,NA,NA,NA,21-Oct-02,21-Oct-02,02-Oct-14,0,NA,NA,0,NA,NA
5412,BNKP,NA,NA,NA,NA,05-Feb-14,05-Feb-14,07-Aug-14,0,NA,NA,0,NA,NA
1112,BNSE,NA,NA,NA,NA,16-Aug-90,30-Jul-98,20-Nov-09,0,NA,NA,0,NA,NA
4985,BOO2,NA,NA,NA,BOOT,15-Jun-12,15-Jun-12,18-Jun-12,0,NA,NA,0,NA,NA
5043,BOO3,NA,NA,NA,BOOT,11-Jun-13,11-Jun-13,07-Aug-14,0,NA,NA,0,NA,NA
3817,BOOC,NA,NA,NA,BOOT,01-Jul-05,01-Jul-05,12-Jun-08,0,NA,NA,0,NA,NA
2100,BOOT,Female,NA,NA,NA,24-Sep-93,24-Sep-93,07-Aug-14,0,NA,NA,0,NA,NA
3875,BOX1,Female,2006,NA,BOXR,22-Jun-06,22-Jun-06,05-Jun-12,0,NA,NA,0,NA,NA
2257,BOXR,Female,NA,NA,NA,10-Aug-95,10-Aug-95,11-Dec-14,0,NA,NA,0,NA,NA
385,BRAC,Probable Female,NA,NA,NA,18-Oct-82,27-May-93,13-Jun-11,0,NA,NA,0,NA,NA
3462,BRAN,Female,NA,NA,NA,20-Sep-02,20-Sep-02,02-Sep-14,0,NA,NA,0,NA,NA
2715,BRC2,NA,NA,NA,BRAC,06-Oct-97,06-Oct-97,06-Oct-97,0,NA,NA,0,NA,NA
3800,BRC3,NA,NA,NA,BRAC,23-Feb-05,23-Feb-05,14-Nov-06,0,NA,NA,0,NA,NA
5067,BRC4,NA,NA,NA,BRAC,07-Sep-10,07-Sep-10,13-Jun-11,0,NA,NA,0,NA,NA
2107,BRCC,NA,NA,NA,BRAC,01-Oct-93,01-Oct-93,01-Oct-93,0,NA,NA,0,NA,NA
548,BRCH,NA,NA,NA,NA,20-Jan-87,22-Sep-93,16-Mar-95,0,NA,NA,0,NA,NA
2550,BRD2,Male,1996,2000,BRDO,11-Oct-96,11-Oct-96,19-Jun-00,1,2000,F,1,2000,"boat strike, ingestion"
3260,BRD3,Male,2001,NA,BRDO,15-Oct-01,15-Oct-01,05-Dec-14,1,2013,A,0,NA,NA
1008,BRDO,Female,1972,2004,NA,06-Oct-89,17-Aug-93,04-Dec-03,1,1996,F,0,NA,NA
4066,BREA,NA,NA,NA,NA,14-Jan-10,14-Jan-10,13-Feb-11,0,NA,NA,0,NA,NA
3728,BRIS,Female,NA,NA,NA,21-May-04,21-May-04,26-Sep-08,0,NA,NA,0,NA,NA
5170,BRN1,NA,NA,NA,BRAN,03-Sep-13,03-Sep-13,02-Sep-14,0,NA,NA,0,NA,NA
2547,BTCH,NA,NA,NA,NA,28-Aug-96,28-Aug-96,19-Aug-00,0,NA,NA,0,NA,NA
1347,BTHS,Probable Male,NA,NA,NA,10-Sep-90,22-Sep-93,03-Jul-12,0,NA,NA,0,NA,NA
971,BTHV,NA,NA,NA,NA,29-Sep-89,25-May-94,12-Jan-98,0,NA,NA,0,NA,NA
909,BTLE,Probable Female,NA,NA,NA,13-Sep-89,27-Jun-95,11-Jun-02,0,NA,NA,0,NA,NA
1348,BTLN,Probable Female,NA,NA,NA,10-Sep-90,18-May-93,16-Aug-05,0,NA,NA,0,NA,NA
828,BTM2,NA,NA,NA,NA,12-Oct-88,24-Sep-93,13-Dec-04,0,NA,NA,0,NA,NA
1682,BTMV,NA,NA,NA,NA,12-Sep-91,26-Jul-96,26-Jul-96,0,NA,NA,0,NA,NA
3000,BTTC,NA,NA,NA,BTTV,04-Jul-99,04-Jul-99,04-Jul-99,0,NA,NA,0,NA,NA
880,BTTV,Probable Female,NA,NA,NA,09-Sep-89,11-Feb-93,11-Jul-99,0,NA,NA,0,NA,NA
3061,BTWO,NA,NA,NA,NA,31-Jul-00,31-Jul-00,04-Dec-13,0,NA,NA,0,NA,NA
2771,BUMI,NA,NA,NA,NA,17-Dec-97,17-Dec-97,17-Dec-97,0,NA,NA,0,NA,NA
1432,BUZL,NA,NA,NA,NA,17-Oct-90,21-Sep-93,11-Sep-06,0,NA,NA,0,NA,NA
1935,C072,Female,1993,1993,FB07,29-Jun-93,29-Jun-93,29-Jun-93,0,NA,NA,0,NA,NA
2294,C073,NA,1996,1996?,FB07,28-May-96,28-May-96,26-Aug-96,0,NA,NA,0,NA,NA
3371,C075,NA,2002,2002,FB07,28-Jun-02,28-Jun-02,02-Jul-02,0,NA,NA,0,NA,NA
3829,C076,NA,2005,2006,FB07,23-Sep-05,23-Sep-05,15-Sep-06,0,NA,NA,0,NA,NA
3971,C077,NA,2007,2007,FB07,06-Jul-07,06-Jul-07,06-Jul-07,0,NA,NA,0,NA,NA
2130,C091,NA,1994,1994,FB09,12-Jul-94,12-Jul-94,12-Jul-94,0,NA,NA,0,NA,NA
4050,C096,NA,2009,2009,FB09,28-May-09,28-May-09,02-Jun-09,0,NA,NA,0,NA,NA
4887,C114,Male,2012,NA,FB11,28-Jun-12,28-Jun-12,11-Dec-14,1,2014,A,0,NA,NA
1919,C173,Male,1993,1993,FB17,18-May-93,18-May-93,18-Jun-93,0,NA,NA,0,NA,NA
2989,C254,Male,1999,1999,FB25,01-Jun-99,01-Jun-99,21-Aug-99,0,NA,NA,0,NA,NA
3345,C255,Male,2002,NA,FB25,24-May-02,24-May-02,13-Jul-06,0,NA,NA,0,NA,NA
4850,C258,Probable Male,2011,NA,FB25,19-Jun-11,19-Jun-11,26-Dec-14,0,NA,NA,0,NA,NA
5493,C259,NA,2014,2014,FB25,19-May-14,19-May-14,19-May-14,0,NA,NA,0,NA,NA
2565,C272,NA,1997,1997,FB27,05-Jun-97,05-Jun-97,12-Nov-97,0,NA,NA,0,NA,NA
2986,C273,NA,1999,NA,FB27,13-May-99,13-May-99,25-Apr-02,0,NA,NA,0,NA,NA
3815,C275,NA,2005,NA,FB27,14-Jun-05,14-Jun-05,16-Dec-08,0,NA,NA,0,NA,NA
4012,C276,NA,2008,NA,FB27,09-Jun-08,09-Jun-08,27-Oct-11,0,NA,NA,0,NA,NA
2308,C295,NA,1996,1996,FB29,25-Jun-96,25-Jun-96,08-Aug-96,0,NA,NA,0,NA,NA
2902,C296,NA,1998,1998,FB29,29-Jun-98,29-Jun-98,30-Jun-98,0,NA,NA,0,NA,NA
5065,C330,NA,2013,NA,FB33,17-Jun-13,17-Jun-13,11-Dec-14,1,2013,P,0,NA,NA
1745,C333,Female,1992,1993,FB33,09-Jul-92,05-Feb-93,17-Nov-93,0,NA,NA,1,1993,entanglement
3026,C335,Female,2000,2000,FB33,31-May-00,31-May-00,31-May-00,0,NA,NA,0,NA,NA
3158,C336,Female,2001,2001,FB33,05-Jul-01,05-Jul-01,17-Jul-01,0,NA,NA,0,NA,NA
2127,C391,NA,1994,NA,FB39,24-May-94,24-May-94,07-Nov-96,0,NA,NA,0,NA,NA
3724,C546,NA,2004,2004,FB54,11-May-04,11-May-04,01-Oct-04,0,NA,NA,0,NA,NA
4844,C548,Probable Female,2012,NA,FB54,13-Jun-12,13-Jun-12,04-Dec-14,0,NA,NA,0,NA,NA
4094,C554,NA,2010,NA,FB55,08-Jun-10,08-Jun-10,11-Jul-11,0,NA,NA,0,NA,NA
4845,C555,NA,2012,NA,FB55,05-Sep-12,05-Sep-12,11-Dec-14,0,NA,NA,0,NA,NA
2301,C574,NA,1996,1996?,FB57,13-Jun-96,13-Jun-96,30-Jul-96,0,NA,NA,0,NA,NA
2129,C595,NA,1994,NA,FB59,28-Jun-94,28-Jun-94,13-Nov-96,0,NA,NA,0,NA,NA
2968,C596,Probable Male,1998,NA,FB59,01-Sep-98,01-Sep-98,14-Jun-10,1,2007,"A, E",0,NA,NA
3346,C597,NA,2002,2002,FB59,28-May-02,28-May-02,30-Jul-02,0,NA,NA,0,NA,NA
2125,C652,NA,1994,NA,FB65,20-Apr-94,20-Apr-94,20-May-98,1,1996,A,0,NA,NA
4848,C655,NA,2011,NA,FB65,19-Aug-11,19-Aug-11,06-Nov-14,1,2013,A,0,NA,NA
5495,C656,NA,2014,NA,FB65,21-May-14,21-May-14,13-Nov-14,1,2014,A,0,NA,NA
2285,C717,Male,1996,1996,FB71,09-May-96,09-May-96,24-Jun-96,0,NA,NA,0,NA,NA
2128,C754,Female,1994,1994,FB75,13-Jun-94,13-Jun-94,21-Oct-94,0,NA,NA,1,1994,ingestion
2303,C755,NA,1996,1996,FB75,14-Jun-96,14-Jun-96,14-Jun-96,0,NA,NA,0,NA,NA
1928,C791,NA,1993,1994,FB79,01-Jun-93,01-Jun-93,22-Mar-94,0,NA,NA,0,NA,NA
2992,C793,NA,1999,1999,FB79,10-Jun-99,10-Jun-99,16-Sep-99,0,NA,NA,0,NA,NA
3147,C794,NA,2001,2001,FB79,23-Apr-01,23-Apr-01,07-Aug-01,1,2001,A,0,NA,NA
3729,C795,NA,2004,2005?,FB79,21-May-04,21-May-04,21-Oct-05,1,2005,A,0,NA,NA
4095,C797,Male,2010,2011,FB79,11-Jun-10,11-Jun-10,17-Jun-11,1,2011,A,1,2011,entanglement
4869,C798,NA,2012,NA,FB79,13-Jun-12,13-Jun-12,02-Dec-14,1,2014,A,1,<2014,entanglement
1744,C834,Male,1992,NA,FB83,19-Jun-92,22-Mar-93,01-Dec-14,1,2011,A,0,NA,NA
2970,C835,Male,1998,NA,FB83,12-Nov-98,12-Nov-98,29-Nov-14,1,2010,A,0,NA,NA
2551,C871,NA,1996,NA,FB87,17-Oct-96,17-Oct-96,15-Nov-02,0,NA,NA,0,NA,NA
3830,C872,Male,2005,2006,FB87,11-Oct-05,11-Oct-05,29-Jun-06,0,NA,NA,0,NA,NA
3976,C873,NA,2007,2007,FB87,07-Aug-07,07-Aug-07,07-Aug-07,0,NA,NA,0,NA,NA
4077,C874,NA,2010,NA,FB87,26-May-10,26-May-10,13-Nov-14,0,NA,NA,0,NA,NA
3962,C911,NA,2007,NA,C991,19-Jun-07,19-Jun-07,13-Nov-14,1,2009,P,0,NA,NA
4873,C912,NA,2011,NA,C991,06-Jun-11,06-Jun-11,11-Dec-14,0,NA,NA,0,NA,NA
2867,C931,Male,1998,1998,FB93,11-Jun-98,11-Jun-98,23-Sep-98,0,NA,NA,1,1998,entanglement
3027,C932,NA,2000,NA,FB93,06-Jun-00,06-Jun-00,22-Jul-04,0,NA,NA,0,NA,NA
3742,C933,Female,2004,NA,FB93,21-Jun-04,21-Jun-04,06-Dec-06,0,NA,NA,0,NA,NA
4061,C935,NA,2009,NA,FB93,24-Sep-09,24-Sep-09,26-Dec-14,1,2011,A,0,NA,NA
4843,C936,NA,2012,2012,FB93,12-Jun-12,12-Jun-12,22-Dec-12,0,NA,NA,0,NA,NA
2131,C991,Female,1994,NA,FB99,14-Jul-94,14-Jul-94,11-Dec-14,1,2009,P,0,NA,NA
2789,CAES,NA,NA,NA,NA,19-Feb-98,19-Feb-98,08-Aug-07,0,NA,NA,0,NA,NA
4942,CAM1,NA,NA,NA,CAMB,04-Feb-13,04-Feb-13,04-Jun-14,0,NA,NA,0,NA,NA
2220,CATW,Probable Female,NA,NA,NA,21-Mar-95,21-Mar-95,22-May-13,0,NA,NA,0,NA,NA
5132,CBTA,NA,NA,NA,NA,15-Dec-11,15-Dec-11,15-Dec-11,0,NA,NA,0,NA,NA
2941,CBTL,NA,NA,NA,BTLN,30-Jul-98,30-Jul-98,30-Jul-98,0,NA,NA,0,NA,NA
2126,CCL4,NA,1994,1994,F111,17-May-94,17-May-94,29-Jun-94,0,NA,NA,0,NA,NA
2973,CCL6,NA,1999,NA,F111,21-Apr-99,21-Apr-99,05-Aug-02,0,NA,NA,0,NA,NA
1726,CDRA,NA,1992,NA,DRAC,27-Jan-92,09-Feb-93,13-Aug-93,0,NA,NA,0,NA,NA
2994,CDS2,NA,1999,1999,DRSN,15-Jun-99,15-Jun-99,15-Jun-99,0,NA,NA,0,NA,NA
3982,CENT,NA,NA,NA,NA,14-Aug-07,14-Aug-07,19-May-14,0,NA,NA,0,NA,NA
5178,CHAD,NA,NA,NA,NA,11-Jun-13,11-Jun-13,12-Jun-13,0,NA,NA,0,NA,NA
444,CHK2,Probable Female,NA,NA,NA,22-Jul-83,18-May-93,07-May-96,0,NA,NA,0,NA,NA
57,CHMA,Probable Female,NA,NA,NA,30-May-76,16-Sep-93,18-Jul-03,0,NA,NA,0,NA,NA
4896,CHOC,NA,NA,NA,TRIF,17-Jun-10,17-Jun-10,07-Aug-14,0,NA,NA,0,NA,NA
578,CHSL,Male,NA,NA,NA,10-Jul-88,13-Sep-93,19-May-11,0,NA,NA,0,NA,NA
767,CHTO,NA,1988,NA,NA,01-Oct-88,01-Jun-00,21-Apr-06,0,NA,NA,0,NA,NA
3730,CIER,NA,NA,NA,NA,21-May-04,21-May-04,11-Apr-14,0,NA,NA,0,NA,NA
1746,CKB2,NA,NA,NA,KNOB,20-Jul-92,07-Jul-93,06-Aug-95,0,NA,NA,0,NA,NA
4841,CL-4841,NA,NA,NA,LBHL,08-Jun-10,08-Jun-10,08-Jun-10,0,NA,NA,0,NA,NA
4993,CL-4987,NA,NA,NA,NA,18-Jun-12,18-Jun-12,18-Jun-12,0,NA,NA,0,NA,NA
5121,CL-5034,NA,NA,NA,NA,21-Jun-11,21-Jun-11,21-Jun-11,0,NA,NA,0,NA,NA
5069,CL-5063,NA,NA,NA,NA,19-May-11,19-May-11,21-Jun-11,0,NA,NA,0,NA,NA
5100,CL-5091,NA,NA,NA,NA,09-Jul-13,09-Jul-13,09-Jul-13,0,NA,NA,0,NA,NA
5186,CL-5178,NA,NA,NA,NA,15-Apr-11,15-Apr-11,15-Apr-11,0,NA,NA,0,NA,NA
5200,CL-5192,NA,NA,NA,NA,16-Aug-10,16-Aug-10,15-Jul-11,0,NA,NA,0,NA,NA
5232,CL-5224,NA,NA,NA,NA,16-Aug-10,16-Aug-10,16-Aug-10,0,NA,NA,0,NA,NA
5233,CL-5225,NA,NA,NA,NA,16-Aug-10,16-Aug-10,16-Aug-10,0,NA,NA,0,NA,NA
5479,CL-5464,NA,NA,NA,NA,12-Jun-08,12-Jun-08,12-Jun-08,0,NA,NA,0,NA,NA
5484,CL-5469,NA,NA,NA,NA,01-Dec-09,01-Dec-09,14-Dec-09,0,NA,NA,0,NA,NA
5486,CL-5471,NA,NA,NA,NA,01-Dec-09,01-Dec-09,01-Dec-09,0,NA,NA,0,NA,NA
5487,CL-5472,NA,NA,NA,NA,01-Dec-09,01-Dec-09,01-Dec-09,0,NA,NA,0,NA,NA
5488,CL-5473,NA,NA,NA,NA,01-Dec-09,01-Dec-09,01-Dec-09,0,NA,NA,0,NA,NA
5489,CL-5474,NA,NA,NA,NA,01-Dec-09,01-Dec-09,01-Dec-09,0,NA,NA,0,NA,NA
5136,CLA2,NA,NA,NA,CLAT,08-Jun-10,08-Jun-10,04-Feb-14,0,NA,NA,0,NA,NA
2643,CLAT,Probable Female,NA,NA,NA,18-Sep-97,18-Sep-97,14-Jul-10,0,NA,NA,0,NA,NA
2279,CLIF,NA,NA,NA,NA,15-Jan-96,15-Jan-96,04-Jun-08,0,NA,NA,0,NA,NA
5502,CLJP,NA,NA,NA,VLKA,21-May-14,21-May-14,16-Sep-14,0,NA,NA,0,NA,NA
4045,CLUE,NA,NA,NA,NA,10-Mar-09,10-Mar-09,01-Oct-12,0,NA,NA,0,NA,NA
822,CMRS,Male,NA,NA,MRSL,11-Oct-88,17-Jun-93,11-Dec-14,0,NA,NA,0,NA,NA
1932,CONC,NA,NA,NA,CONS,17-Jun-93,17-Jun-93,08-Dec-94,0,NA,NA,0,NA,NA
297,CONS,Probable Female,NA,NA,NA,24-Jul-82,17-Jun-93,23-Feb-05,0,NA,NA,0,NA,NA
3856,COST,NA,NA,NA,NA,20-Apr-06,20-Apr-06,07-Aug-07,0,NA,NA,0,NA,NA
2240,CPS2,NA,NA,NA,PSDQ,31-May-95,31-May-95,31-Jul-95,0,NA,NA,0,NA,NA
1422,CRAG,NA,NA,NA,NA,05-Oct-90,06-Feb-93,18-Jan-01,0,NA,NA,0,NA,NA
5376,CRKS,NA,NA,NA,NA,12-Nov-13,12-Nov-13,12-Nov-13,0,NA,NA,0,NA,NA
2558,CRUM,NA,NA,NA,NA,06-Feb-97,06-Feb-97,12-Nov-13,0,NA,NA,0,NA,NA
3056,CSH3,NA,2000,NA,SHTC,25-Jul-00,25-Jul-00,16-May-03,0,NA,NA,0,NA,NA
5023,CSPD,NA,NA,NA,NA,02-Feb-12,02-Feb-12,06-Feb-12,0,NA,NA,0,NA,NA
2095,CTA3,NA,NA,NA,TAL3,23-Sep-93,23-Sep-93,23-Sep-93,0,NA,NA,0,NA,NA
2544,CTS2,NA,1996,NA,TSMV,27-Aug-96,27-Aug-96,29-Aug-96,0,NA,NA,0,NA,NA
3003,CTS3,Male,1999,NA,TSMV,20-Jul-99,20-Jul-99,21-Aug-00,0,NA,NA,0,NA,NA
4007,CTS4,NA,2008,NA,TSMV,03-Jun-08,03-Jun-08,07-Aug-14,0,NA,NA,0,NA,NA
5539,CTS5,NA,NA,NA,TSMV,07-Aug-14,07-Aug-14,13-Nov-14,0,NA,NA,0,NA,NA
959,CTSM,NA,1989?,NA,TSMV,26-Sep-89,17-Sep-93,17-Sep-93,0,NA,NA,0,NA,NA
5524,CTW1,NA,NA,NA,CATW,07-Feb-07,07-Feb-07,25-Jun-07,0,NA,NA,0,NA,NA
5086,CTW2,NA,NA,NA,CATW,01-Dec-09,01-Dec-09,01-Nov-10,0,NA,NA,0,NA,NA
4923,CTW3,NA,NA,NA,CATW,04-Dec-12,04-Dec-12,22-May-13,0,NA,NA,0,NA,NA
4897,CW32,NA,2012,NA,CWM3,01-Oct-12,01-Oct-12,02-Sep-14,0,NA,NA,0,NA,NA
3938,CW3C,NA,2006,NA,CWM3,06-Dec-06,06-Dec-06,02-Nov-10,0,NA,NA,0,NA,NA
1723,CWM3,Probable Female,1991,NA,WTMA,17-Dec-91,05-Feb-93,02-Sep-14,0,NA,NA,0,NA,NA
2251,CWM4,NA,1995,NA,WTMA,28-Jun-95,28-Jun-95,16-May-96,0,NA,NA,0,NA,NA
2072,CYEL,NA,NA,NA,YELP,17-Sep-93,17-Sep-93,19-May-96,0,NA,NA,0,NA,NA
4096,DAB1,NA,2010,NA,DABL,17-Jun-10,17-Jun-10,15-Sep-14,0,NA,NA,0,NA,NA
5064,DAB2,NA,2013,NA,DABL,17-Jun-13,17-Jun-13,01-Dec-14,1,2014,A,0,NA,NA
3756,DABL,Female,NA,NA,NA,15-Jul-04,15-Jul-04,01-Dec-14,1,2014,A,0,NA,NA
5084,DAD2,NA,NA,NA,DADA,20-Nov-09,20-Nov-09,22-May-14,0,NA,NA,0,NA,NA
2716,DADA,Probable Female,NA,NA,NA,06-Oct-97,06-Oct-97,22-May-14,0,NA,NA,0,NA,NA
2717,DADC,NA,NA,NA,DADA,06-Oct-97,06-Oct-97,13-Oct-97,0,NA,NA,0,NA,NA
4028,DAF1,NA,2008,NA,DAFT,06-Aug-08,06-Aug-08,17-Sep-10,0,NA,NA,0,NA,NA
4943,DAF2,NA,NA,NA,DAFT,04-Feb-13,04-Feb-13,11-Mar-14,0,NA,NA,0,NA,NA
3156,DAFT,Female,NA,NA,NA,19-Jun-01,19-Jun-01,11-Mar-14,0,NA,NA,0,NA,NA
3958,DAIN,Female,NA,NA,PLUG,21-May-07,21-May-07,12-Sep-13,0,NA,NA,0,NA,NA
3545,DBHN,NA,NA,NA,NA,21-Jul-03,21-Jul-03,05-Jul-06,0,NA,NA,0,NA,NA
119,DEDO,Probable Female,NA,NA,NA,28-Sep-80,08-Oct-93,19-Oct-00,0,NA,NA,0,NA,NA
2548,DIGT,Male,NA,NA,NA,28-Aug-96,28-Aug-96,07-Oct-03,0,NA,NA,0,NA,NA
5028,DIL1,NA,NA,NA,DILL,17-Apr-13,17-Apr-13,11-Nov-13,0,NA,NA,0,NA,NA
5027,DILL,Probable Female,NA,NA,NA,08-Sep-10,08-Sep-10,11-Nov-13,0,NA,NA,0,NA,NA
477,DIPT,Male,1973,2000,NA,07-Sep-83,17-May-93,19-Jun-00,0,NA,NA,0,NA,NA
2286,DMDI,NA,NA,NA,NA,16-May-96,16-May-96,18-Mar-98,0,NA,NA,0,NA,NA
875,DRAC,Probable Female,NA,NA,NA,08-Sep-89,09-Feb-93,23-Jun-98,0,NA,NA,0,NA,NA
3791,DRAY,Female,NA,2005,NA,30-Sep-04,30-Sep-04,19-Aug-05,0,NA,NA,0,NA,NA
5270,DRBY,NA,NA,NA,NA,16-Aug-10,16-Aug-10,16-Aug-10,0,NA,NA,0,NA,NA
5113,DRM1,NA,NA,NA,DRMS,08-Oct-07,08-Oct-07,02-Sep-10,0,NA,NA,0,NA,NA
2857,DRMS,Probable Female,NA,NA,NA,21-May-98,21-May-98,07-Dec-11,0,NA,NA,0,NA,NA
31,DRSN,Female,NA,NA,NA,01-Jun-75,19-Apr-93,10-May-11,1,2008,"A, C",0,NA,NA
2091,DTHB,NA,NA,NA,NA,22-Sep-93,22-Sep-93,04-Sep-12,0,NA,NA,0,NA,NA
3024,DUDE,Probable Female,NA,NA,NA,17-May-00,17-May-00,26-Jul-07,0,NA,NA,0,NA,NA
4023,EAS1,NA,2008,NA,EASY,27-Jun-08,27-Jun-08,21-May-09,0,NA,NA,0,NA,NA
3890,EASY,Probable Female,NA,NA,NA,10-Aug-06,10-Aug-06,21-May-09,0,NA,NA,0,NA,NA
1877,EFHT,NA,NA,NA,NA,16-Sep-92,14-Mar-96,08-Jul-97,0,NA,NA,0,NA,NA
250,ELFF,Male,NA,NA,NA,29-Jun-82,15-Jun-93,28-Jun-06,1,2006,A,0,NA,NA
3326,ELIP,NA,NA,NA,NA,16-Apr-02,16-Apr-02,14-Jul-03,0,NA,NA,0,NA,NA
3127,EQDT,NA,NA,NA,NA,21-Feb-01,21-Feb-01,01-Dec-09,0,NA,NA,0,NA,NA
2746,ETM2,NA,NA,NA,ETMA,06-Nov-97,06-Nov-97,06-Nov-97,0,NA,NA,0,NA,NA
823,ETMA,Probable Female,NA,NA,NA,11-Oct-88,18-May-93,21-Jul-06,0,NA,NA,0,NA,NA
1324,ETSC,NA,NA,NA,NA,04-Sep-90,27-May-93,20-Oct-94,0,NA,NA,0,NA,NA
970,F100,Male,1989,2006,FB83,28-Sep-89,22-Jan-93,30-Jun-06,0,NA,NA,1,2006,ingestion
1044,F101,Female,1990,2004,F153,01-Jun-90,23-Aug-93,27-Jul-04,1,1994,P,0,NA,NA
167,F102,Male,1980,NA,F105,17-Mar-81,05-Feb-93,15-Sep-14,0,NA,NA,0,NA,NA
592,F104,Male,1982,1993,NA,09-Sep-88,10-Feb-93,13-Aug-93,0,NA,NA,0,NA,NA
89,F105,Female,1962,NA,NA,21-Sep-80,09-Feb-93,24-Jun-04,0,NA,NA,0,NA,NA
168,F106,Male,1981,NA,F191,22-May-81,29-Jan-93,27-Aug-07,1,2006,A,0,NA,NA
2241,F107,Female,1984,NA,NA,07-Jun-95,07-Jun-95,08-Jun-95,0,NA,NA,0,NA,NA
351,F108,Male,1978,NA,NA,05-Oct-82,20-Jan-93,05-Dec-14,1,2009,A,1,"1984, <1991","boat strike, entanglement"
2259,F109,Female,1995,NA,FB79,29-Aug-95,29-Aug-95,26-Dec-14,1,1999,P,1,2001-2003,entanglement
1059,F110,Male,1984,NA,NA,11-Jul-90,20-May-93,02-Dec-14,0,NA,NA,0,NA,NA
419,F111,Female,1968,2002,NA,25-Jun-83,05-Feb-93,05-Aug-02,0,NA,NA,1,1997,boat strike
93,F112,Male,1951,1995,NA,22-Sep-80,29-Jan-93,21-Jul-95,0,NA,NA,0,NA,NA
2305,F113,Female,1996,NA,FB90,17-Jun-96,17-Jun-96,11-Dec-14,0,NA,NA,1,"1998-2001, 2012",entanglement
1733,F114,Male,1988,NA,NA,06-May-92,28-May-93,10-Nov-14,0,NA,NA,0,NA,NA
2848,F115,Female,1967,NA,NA,18-May-98,18-May-98,23-May-00,0,NA,NA,0,NA,NA
935,F116,Male,1961,NA,NA,14-Sep-89,30-Apr-93,19-Jul-96,0,NA,NA,0,NA,NA
1929,F117,Female,1993,NA,FB25,14-Jun-93,14-Jun-93,31-May-02,0,NA,NA,0,NA,NA
1734,F118,Male,1992,NA,FB54,13-May-92,20-Jan-93,16-Jan-12,1,1997,P,1,2003,entanglement
1491,F119,Female,1991,2004,FB37,10-Jun-91,22-Jan-93,25-Jun-04,0,NA,NA,1,1995-2000,entanglement
733,F120,Male,NA,NA,NA,27-Sep-88,22-Sep-93,15-Sep-05,0,NA,NA,0,NA,NA
1738,F122,Male,1991,NA,FB90,26-May-92,20-Jan-93,23-Jul-96,0,NA,NA,0,NA,NA
2967,F123,Female,1998,NA,FB15,25-Aug-98,25-Aug-98,04-Dec-14,0,NA,NA,0,NA,NA
2903,F125,Female,1998,NA,F119,01-Jul-98,01-Jul-98,26-Dec-14,1,2002,P,0,NA,NA
581,F126,Male,<1988,NA,F129,11-Jul-88,30-Apr-93,03-Oct-14,0,NA,NA,0,NA,NA
2262,F127,Female,1995,NA,FB13,12-Sep-95,12-Sep-95,17-Aug-12,0,NA,NA,0,NA,NA
1739,F128,Male,1992,NA,F153,29-May-92,21-Apr-93,26-Dec-14,1,1998,P,0,NA,NA
575,F130,Male,1982,NA,NA,27-Jun-88,05-Feb-93,13-Jun-02,0,NA,NA,0,NA,NA
572,F131,Female,1988,NA,FB59,19-Jun-88,23-Apr-93,26-Dec-14,0,NA,NA,1,<1992,entanglement
576,F132,Male,1983,NA,NA,01-Jul-88,05-Feb-93,04-Feb-08,0,NA,NA,1,<1991,entanglement
2990,F133,Female,1999,NA,FB90,01-Jun-99,01-Jun-99,04-Dec-14,1,2009,A,0,NA,NA
423,F134,Male,1982,NA,NA,30-Jun-83,05-Feb-93,07-May-10,0,NA,NA,0,NA,NA
3040,F135,Female,2000,NA,FB54,05-Jul-00,05-Jul-00,11-Dec-14,1,2002,P,0,NA,NA
611,F136,Male,1981,NA,NA,16-Sep-88,05-Feb-93,18-Oct-05,0,NA,NA,0,NA,NA
3029,F137,Female,2000,NA,F157,09-Jun-00,09-Jun-00,06-Nov-14,1,2013,A,0,NA,NA
1831,F138,Male,1992,NA,FB63,26-Aug-92,05-Feb-93,26-Dec-14,1,2004,P,1,2001-2004,entanglement
3032,F139,Female,2000,2007,FB01,19-Jun-00,19-Jun-00,23-Jun-05,0,NA,NA,0,NA,NA
1855,F141,Female,1990,NA,NA,09-Sep-92,20-Sep-93,02-Oct-14,0,NA,NA,0,NA,NA
2566,F142,Male,1992,NA,NA,11-Jun-97,11-Jun-97,03-Dec-14,1,1999,P,0,NA,NA
2281,F144,Male,1995,1997,F111,14-Feb-96,14-Feb-96,11-Aug-97,0,NA,NA,0,NA,NA
2543,F146,Male,1996,NA,FB11,23-Aug-96,23-Aug-96,04-Dec-14,1,2013,A,0,NA,NA
298,F147,Female,NA,NA,NA,24-Jul-82,11-Feb-93,21-Oct-98,0,NA,NA,0,NA,NA
2300,F148,Male,1996,NA,FB54,12-Jun-96,12-Jun-96,04-Dec-14,1,2007,P,0,NA,NA
612,F149,Female,1981,NA,NA,16-Sep-88,28-Sep-93,03-Oct-14,1,2014,A,1,<1998,entanglement
538,F150,Male,1985,NA,F153,11-Jul-85,19-Apr-93,03-Aug-93,0,NA,NA,0,NA,NA
3053,F151,Female,2000,NA,F141,18-Jul-00,18-Jul-00,02-Oct-14,0,NA,NA,0,NA,NA
2310,F152,Male,1996,NA,F163,16-Jul-96,16-Jul-96,17-Sep-99,0,NA,NA,0,NA,NA
157,F153,Female,1953,NA,NA,14-Mar-81,20-Jan-93,26-Dec-14,1,2013,A,1,<1989,entanglement
4,F154,Male,1963,NA,NA,05-Oct-70,05-Feb-93,11-Dec-14,0,NA,NA,1,<1991,entanglement
1045,F155,Female,1990,NA,FB05,18-Jun-90,20-Jan-93,11-Dec-14,1,1990,C,0,NA,NA
559,F156,Male,1970,NA,NA,08-Jan-88,10-Feb-93,24-Sep-93,1,1991,A,1,<1991,entanglement
892,F157,Female,<1988,NA,NA,11-Sep-89,08-Jul-93,19-Oct-10,0,NA,NA,0,NA,NA
893,F158,Male,1985,NA,F157,11-Sep-89,10-Sep-93,20-Sep-13,0,NA,NA,0,NA,NA
2296,F159,Female,1996,NA,F131,31-May-96,31-May-96,03-Dec-14,1,2012,P,1,2002-2004,entanglement
846,F160,Male,1979,NA,NA,02-Jun-89,05-Feb-93,20-Oct-06,0,NA,NA,0,NA,NA
725,F161,Female,NA,NA,NA,25-Sep-88,10-Feb-93,17-Jul-97,0,NA,NA,0,NA,NA
847,F162,Male,1981,NA,NA,02-Jun-89,05-Feb-93,03-Oct-14,1,2006,A,1,<1990,entanglement
894,F163,Female,1971,NA,NA,11-Sep-89,17-Jun-93,18-Jul-03,0,NA,NA,0,NA,NA
844,F164,Male,1989,NA,F161,31-May-89,10-Feb-93,11-Dec-14,1,2014,A,0,NA,NA
2987,F165,Female,1999,NA,FB75,13-May-99,13-May-99,04-Dec-14,1,2011,"A, D",0,NA,NA
2862,F166,Male,1994,NA,F115,04-Jun-98,04-Jun-98,05-Oct-00,0,NA,NA,1,<1998,entanglement
3021,F167,Female,1989,NA,NA,11-May-00,11-May-00,13-Nov-14,0,NA,NA,0,NA,NA
3468,F169,Female,1999,NA,NA,05-Feb-03,05-Feb-03,23-Sep-05,0,NA,NA,1,<2003,entanglement
3022,F171,Female,1998,NA,F167,11-May-00,11-May-00,06-Nov-14,1,2006,B,0,NA,NA
599,F172,Male,NA,NA,NA,15-Sep-88,23-May-94,24-Jul-97,0,NA,NA,1,<1990,entanglement
3394,F173,Male,2002,NA,FB33,22-Aug-02,22-Aug-02,11-Dec-14,1,2006,A,0,NA,NA
1056,F174,Male,1964,NA,NA,10-Jul-90,08-Jul-93,23-Mar-06,0,NA,NA,1,<1998,entanglement
1498,F175,Female,1991,2015,FB75,17-Jun-91,04-Feb-93,26-Dec-14,1,1991,A,1,1998,entanglement
2864,F176,Male,1993,NA,NA,08-Jun-98,08-Jun-98,11-Dec-14,1,2013,A,0,NA,NA
3353,F177,Female,2002,2005,FB09,06-Jun-02,06-Jun-02,03-Sep-05,0,NA,NA,1,2005,boat strike
2256,F178,Male,1995,NA,FB09,24-Jul-95,24-Jul-95,04-Dec-14,1,1996,P,1,2012,boat strike
3392,F179,Female,2002,NA,FB11,24-Jul-02,24-Jul-02,04-Dec-14,1,2009,P,1,<2004,entanglement
1691,F180,Male,1988,NA,NA,17-Sep-91,03-Jun-93,05-Jun-14,0,NA,NA,0,NA,NA
433,F181,Female,NA,NA,NA,07-Jul-83,17-Jun-93,27-Aug-08,0,NA,NA,0,NA,NA
853,F182,Male,1987,NA,F183,22-Jun-89,19-Apr-93,01-Dec-14,0,NA,NA,1,1990-1994,entanglement
854,F183,Female,1972,NA,NA,22-Jun-89,27-May-93,25-Apr-06,0,NA,NA,0,NA,NA
2302,F184,Male,1996,NA,F149,13-Jun-96,13-Jun-96,08-Sep-02,0,NA,NA,0,NA,NA
3261,F185,Female,NA,NA,NA,16-Oct-01,16-Oct-01,09-May-14,0,NA,NA,1,<2004,entanglement
2313,F186,Male,1996,NA,F157,25-Jul-96,25-Jul-96,09-Jul-01,0,NA,NA,0,NA,NA
3535,F187,Female,2003,NA,F101,24-Jun-03,24-Jun-03,10-Mar-14,0,NA,NA,0,NA,NA
2292,F188,Male,1996,NA,FB33,22-May-96,22-May-96,04-Dec-14,1,2008,"A, C",1,"1999-2002, 2012","entanglement, boat strike"
3795,F189,Female,NA,NA,NA,08-Nov-04,08-Nov-04,04-Feb-05,0,NA,NA,0,NA,NA
2306,F190,Male,1996,NA,F181,19-Jun-96,19-Jun-96,01-Aug-14,1,2008,A,0,NA,NA
46,F191,Female,NA,NA,NA,11-Apr-76,25-May-93,11-Sep-00,0,NA,NA,0,NA,NA
232,F192,Male,1967,2002,NA,20-Jun-82,25-Aug-93,04-Nov-02,1,1999,F,0,NA,NA
1116,F193,Female,NA,NA,NA,16-Aug-90,18-Aug-93,02-Oct-14,1,2012,A,0,NA,NA
1009,F194,Male,1974,NA,NA,06-Oct-89,23-Aug-93,14-Jun-13,1,1990,F,1,<1999,entanglement
3329,F195,Female,NA,2007,NA,14-May-02,14-May-02,21-Jun-07,0,NA,NA,0,NA,NA
2863,F196,Male,1998,NA,F101,04-Jun-98,04-Jun-98,11-Dec-14,1,2002,P,1,2011-2014,entanglement
3514,F197,Female,2003,NA,F155,12-May-03,12-May-03,11-Dec-14,1,2009,P,0,NA,NA
2298,F198,Male,1996,2013,FB25,03-Jun-96,03-Jun-96,06-Aug-13,1,2008,"A, C",0,NA,NA
3368,F199,Female,2002,NA,WAND,20-Jun-02,20-Jun-02,03-Dec-14,1,2009,"A, B",0,NA,NA
583,F200,Male,NA,NA,NA,11-Jul-88,05-Feb-93,18-Oct-04,0,NA,NA,0,NA,NA
3836,F201,Female,2005,2007?,F193,07-Nov-05,07-Nov-05,01-May-07,1,2006,X,1,"2006, 2007","boat strike, entanglement"
526,F202,Male,1981,2006,NA,20-Dec-84,21-Jul-93,16-Aug-05,1,1992,X,0,NA,NA
3025,F203,Female,2000,NA,F149,26-May-00,26-May-00,10-May-11,1,2007,A,0,NA,NA
3877,F205,Female,2006,2013,F155,30-Jun-06,30-Jun-06,27-Jun-13,1,2008,P,0,NA,NA
3813,F207,Female,2005,NA,F175,02-Jun-05,02-Jun-05,05-Dec-14,1,2007,A,0,NA,NA
3735,F209,Female,2004,NA,FB55,04-Jun-04,04-Jun-04,04-Dec-14,1,2008,"A, C",?,2005,boat strike?
579,F210,Female,NA,NA,NA,10-Jul-88,11-Feb-93,04-Dec-08,0,NA,NA,0,NA,NA
3818,F211,Female,2005,NA,F127,11-Jul-05,11-Jul-05,13-Nov-14,1,2011,P,0,NA,NA
2995,F212,Male,1999,2002,FB03,16-Jun-99,16-Jun-99,15-Feb-02,0,NA,NA,0,NA,NA
3960,F213,Female,2007,NA,FB55,07-Jun-07,07-Jun-07,04-Dec-14,0,NA,NA,0,NA,NA
2985,F214,Male,1999,NA,FB09,11-May-99,11-May-99,17-Jun-03,0,NA,NA,0,NA,NA
3054,F215,Female,2000,NA,FB99,20-Jul-00,20-Jul-00,04-Dec-14,0,NA,NA,0,NA,NA
2913,F216,Male,1998,2001,F163,16-Jul-98,16-Jul-98,15-Jun-01,0,NA,NA,0,NA,NA
3961,F217,Female,2007,NA,F141,07-Jun-07,07-Jun-07,13-Nov-14,0,NA,NA,0,NA,NA
2984,F218,Male,1999,NA,FB55,10-May-99,10-May-99,16-Jul-07,1,2006,B,1,<2002,entanglement
2238,F219,Female,1995,NA,49LA,30-May-95,30-May-95,05-Nov-14,1,2006,A,0,NA,NA
2999,F220,Male,1999,NA,FB07,01-Jul-99,01-Jul-99,01-Oct-14,1,2005,A,0,NA,NA
4046,F221,Female,2009,NA,FB25,12-May-09,12-May-09,05-Dec-14,1,2012,A,1,2010,entanglement
3395,F222,Male,1998,NA,NA,22-Aug-02,22-Aug-02,04-Dec-14,1,2005,A,1,2005,entanglement
3973,F223,Female,<=2002,NA,F225,04-Sep-03,04-Sep-03,06-Nov-14,0,NA,NA,0,NA,NA
3348,F224,Male,2002,NA,FB27,30-May-02,30-May-02,15-Sep-14,1,2007,P,0,NA,NA
3974,F225,Female,NA,NA,NA,04-Sep-03,04-Sep-03,06-Nov-14,0,NA,NA,0,NA,NA
3393,F226,Male,2002,NA,F175,19-Aug-02,19-Aug-02,04-Sep-05,0,NA,NA,0,NA,NA
3814,F227,Female,2005,NA,FB09,02-Jun-05,02-Jun-05,04-Dec-14,1,2013,P,0,NA,NA
2988,F228,Male,1999,NA,FB65,25-May-99,25-May-99,04-Dec-14,1,2007,"A, C, D",0,NA,NA
4002,F229,Female,2008,NA,FB54,29-May-08,29-May-08,01-Dec-14,0,NA,NA,?,<2010,entanglement?
3365,F230,Male,2002,2007,F181,17-Jun-02,17-Jun-02,12-Jul-07,0,NA,NA,0,NA,NA
2277,F231,Female,1984,NA,NA,21-Sep-95,21-Sep-95,22-May-13,0,NA,NA,0,NA,NA
3352,F232,Male,2002,NA,FB75,04-Jun-02,04-Jun-02,11-Dec-14,1,2006,A,1,2006,entanglement
4074,F233,Female,2010,NA,F159,20-May-10,20-May-10,01-Dec-14,1,2012,P,0,NA,NA
3799,F234,Male,1999,NA,NA,16-Dec-04,16-Dec-04,03-Sep-14,1,2007,A,0,NA,NA
4091,F235,Female,2010,NA,F137,02-Aug-10,02-Aug-10,13-Nov-14,1,2013,A,0,NA,NA
3011,F236,Male,1994,NA,NA,19-Oct-99,19-Oct-99,05-Nov-14,1,2011,P,0,NA,NA
736,F237,Female,NA,NA,NA,27-Sep-88,11-Feb-93,15-Sep-14,0,NA,NA,0,NA,NA
3328,F238,Male,2002,NA,F119,26-Apr-02,26-Apr-02,05-Dec-14,1,2005,P,0,NA,NA
4075,F239,Female,2010,NA,F237,21-May-10,21-May-10,15-Sep-14,0,NA,NA,0,NA,NA
3737,F240,Male,2004,NA,F157,11-Jun-04,11-Jun-04,06-Jun-14,1,2008,A,0,NA,NA
3948,F241,Female,2007,NA,FB65,11-May-07,11-May-07,13-Nov-14,1,2013,A,0,NA,NA
3640,F242,Male,1990,NA,NA,12-Sep-03,12-Sep-03,04-Dec-14,1,2014,"A, B",0,NA,NA
4864,F243,Female,2012,NA,F197,17-May-12,17-May-12,11-Dec-14,1,2013,P,0,NA,NA
3734,F244,Male,2004,NA,F113,02-Jun-04,02-Jun-04,13-Aug-07,0,NA,NA,0,NA,NA
4849,F245,Female,2012,NA,F133,02-Jul-12,02-Jul-12,04-Dec-14,1,2014,H,1,2014,entanglement
3739,F246,Male,2004,NA,FB90,15-Jun-04,15-Jun-04,11-Dec-14,1,2010,P,0,NA,NA
4870,F247,Female,2012,NA,F175,15-Jun-12,15-Jun-12,26-Dec-14,1,2014,P,0,NA,NA
2930,F248,Male,1998,NA,SBDO,28-Jul-98,28-Jul-98,29-Nov-14,1,2010,A,1,2006,debris entanglement
4888,F249,Female,2011,NA,F185,08-Sep-11,08-Sep-11,20-Jun-14,0,NA,NA,1,<2014,entanglement
3820,F250,Male,2005,NA,FB11,13-Jul-05,13-Jul-05,11-Dec-14,1,2010,P,0,NA,NA
3878,F252,Male,2006,NA,FB93,10-Jul-06,10-Jul-06,02-Dec-14,1,2008,"A, C",1,2009-2012,entanglement
2108,F254,Male,NA,NA,NA,01-Oct-93,01-Oct-93,26-Dec-14,1,2006,A,0,NA,NA
3969,F256,Male,2007,NA,F125,05-Jul-07,05-Jul-07,03-Dec-14,1,2011,P,0,NA,NA
3014,F258,Male,1993,NA,NA,08-Dec-99,08-Dec-99,04-Dec-14,1,2002,P,0,NA,NA
4013,F260,Male,2008,NA,F231,09-Jun-08,09-Jun-08,21-May-10,0,NA,NA,0,NA,NA
3863,F262,Male,2006,NA,FB25,18-May-06,18-May-06,03-Dec-14,1,2009,"A, D",0,NA,NA
4021,F264,Male,2008,NA,F127,24-Jun-08,24-Jun-08,26-Dec-14,1,2011,P,0,NA,NA
3947,F266,Male,2007,NA,FB79,09-May-07,09-May-07,03-Dec-14,1,2007,P,0,NA,NA
3015,F268,Male,1993,NA,NA,09-Dec-99,09-Dec-99,11-Dec-14,0,NA,NA,1,2011-2014,entanglement
4053,F270,Male,2009,NA,FB90,14-Jul-09,14-Jul-09,11-Dec-14,1,2014,H,0,NA,NA
4059,F272,Male,2009,NA,F155,17-Aug-09,17-Aug-09,04-Dec-14,1,2013,A,0,NA,NA
4090,F274,Male,2010,NA,F113,02-Jun-10,02-Jun-10,01-Dec-14,1,2014,P,1,2012,boat strike
1786,F276,Male,1992,NA,FB35,19-Aug-92,19-Apr-93,03-Dec-14,1,2006,A,0,NA,NA
4069,F278,Male,2010,NA,FB07,06-May-10,06-May-10,04-Dec-14,0,NA,NA,0,NA,NA
4093,F280,Male,2010,NA,F187,15-Jun-10,15-Jun-10,04-Dec-14,0,NA,NA,0,NA,NA
4022,F282,Male,2008,NA,FB33,24-Jun-08,24-Jun-08,01-Dec-14,0,NA,NA,1,<2013,entanglement
4865,F284,Male,2011,NA,FB27,06-Jun-11,06-Jun-11,26-Dec-14,1,2014,P,0,NA,NA
3681,F301,Female,NA,NA,NA,26-Feb-03,26-Feb-03,16-Sep-06,1,2004,F,1,2003,entanglement
1077,FANT,Male,NA,1996,NA,13-Aug-90,18-Aug-93,12-Dec-94,0,NA,NA,0,NA,NA
3161,FAST,NA,NA,NA,NA,13-Aug-01,13-Aug-01,22-Aug-01,0,NA,NA,0,NA,NA
1489,FB01,Female,1991,2003,FB43,07-Jun-91,20-Jan-93,10-Jun-03,0,NA,NA,0,NA,NA
1499,FB02,Male,1991,NA,FB59,19-Jun-91,01-Mar-93,04-Dec-14,1,2002,P,0,NA,NA
855,FB03,Female,1989,NA,FB19,27-Jun-89,29-Jan-93,25-Jun-03,1,1996,P,1,1996,entanglement
14,FB05,Female,1963,2009,NA,18-Mar-71,11-Jan-93,14-May-09,1,1990,C,0,NA,NA
513,FB06,Male,1984,2006,FB71,23-Jul-84,06-Jul-93,22-May-06,1,2006,A,1,"<2001, 2006","entanglement, ingestion"
505,FB07,Female,1984,NA,FB84,29-Jun-84,05-Feb-93,04-Dec-14,1,1991,A,0,NA,NA
441,FB08,Male,1983,NA,FB45,21-Jul-83,09-Feb-93,09-Feb-93,0,NA,NA,0,NA,NA
509,FB09,Female,1984,2009,FB63,12-Jul-84,05-Feb-93,02-Jun-09,1,1996,P,1,1996,boat strike
190,FB10,Male,1981,NA,FB63,21-Sep-81,04-Feb-93,10-Nov-14,0,NA,NA,0,NA,NA
517,FB11,Female,1984,NA,FB19,14-Sep-84,05-Feb-93,11-Dec-14,1,2014,A,1,1985,entanglement
94,FB12,Male,1959,NA,NA,22-Sep-80,29-Jan-93,27-Aug-96,0,NA,NA,0,NA,NA
34,FB13,Female,1959,2009,NA,01-Aug-75,05-Feb-93,16-Jun-09,0,NA,NA,0,NA,NA
498,FB14,Male,1973,NA,NA,21-Jun-84,22-Jan-93,25-May-07,0,NA,NA,1,<1992,entanglement
214,FB15,Female,1950,NA,NA,16-May-82,20-Jan-93,26-Dec-14,1,1988,H,0,NA,NA
15,FB17,Female,1961,NA,NA,25-Mar-71,18-May-93,17-Jul-06,1,2006,A,0,NA,NA
53,FB19,Female,1944,1994,NA,08-May-76,29-Jan-93,15-Nov-93,0,NA,NA,0,NA,NA
845,FB20,Male,1989,NA,F111,31-May-89,05-Feb-93,04-Dec-14,1,2005,P,1,<1991,entanglement
1037,FB23,Female,1989,NA,FB15,23-Jan-90,20-Jan-93,03-Jul-96,0,NA,NA,0,NA,NA
1000,FB24,Male,1989,NA,FB35,05-Oct-89,19-Apr-93,21-Oct-98,0,NA,NA,0,NA,NA
500,FB25,Female,1978,NA,NA,22-Jun-84,05-Feb-93,26-Dec-14,0,NA,NA,0,NA,NA
3,FB26,Male,1957,NA,NA,03-Oct-70,03-Jun-93,31-Jul-01,0,NA,NA,0,NA,NA
67,FB27,Female,1978,NA,NA,02-Apr-80,22-Jan-93,26-Dec-14,1,1996,A,0,NA,NA
16,FB28,Male,1965,NA,NA,25-Mar-71,05-Feb-93,01-Dec-14,1,2012,"A, C",1,2007,entanglement
50,FB29,Female,1963,1998,NA,16-Apr-76,20-Jan-93,30-Jun-98,1,1991,P,1,1998,ingestion
84,FB32,Male,1980,NA,FB05,20-Sep-80,09-Feb-93,25-Oct-02,0,NA,NA,1,<1986,entanglement
217,FB33,Female,1982,NA,FB51,18-May-82,05-Feb-93,11-Dec-14,1,2013,P,0,NA,NA
90,FB34,Male,1975,NA,FB73,21-Sep-80,03-Jun-93,18-Aug-95,0,NA,NA,0,NA,NA
111,FB35,Female,1956,2014,NA,26-Sep-80,19-Apr-93,21-May-14,1,1987,A,1,"<1984, 2014","entanglement, ingestion"
44,FB36,Male,1972,2011,NA,16-Dec-75,11-Jan-93,14-Sep-11,0,NA,NA,0,NA,NA
70,FB38,Male,1974,1999,NA,06-Apr-80,11-Jan-93,19-Nov-99,1,1987,X,1,<1992,entanglement
507,FB39,Female,1980,NA,NA,03-Jul-84,17-Jun-93,07-Nov-96,0,NA,NA,0,NA,NA
63,FB41,Female,1959,1995,NA,24-Jul-76,11-Jan-93,21-Aug-95,1,1991,A,1,1995,ingestion
64,FB43,Female,1966,NA,NA,24-Jul-76,20-Jan-93,18-May-12,1,2008,A,0,NA,NA
99,FB44,Male,1973,NA,NA,24-Sep-80,29-Jan-93,13-Nov-14,1,2006,A,0,NA,NA
510,FB46,Male,1978,NA,NA,17-Jul-84,04-Feb-93,13-May-03,0,NA,NA,0,NA,NA
154,FB48,Male,1959,NA,NA,20-Dec-80,08-Feb-93,10-Aug-09,0,NA,NA,1,1991-2000,entanglement
35,FB51,Female,1941,NA,NA,01-Aug-75,20-Jan-93,05-Aug-93,1,1988,H,1,1993,boat strike
544,FB53,Female,1986,NA,FB57,19-Jun-86,22-Jan-93,17-Dec-93,1,1991,A,0,NA,NA
36,FB54,Female,1971,NA,NA,01-Aug-75,20-Jan-93,04-Dec-14,1,2002,P,0,NA,NA
545,FB55,Female,1986,NA,FB05,19-Jun-86,11-Jan-93,11-Dec-14,1,1990,C,0,NA,NA
10,FB57,Female,1952,1996,NA,12-Nov-70,22-Jan-93,05-Aug-96,1,1991,A,0,NA,NA
5,FB58,Male,1964,NA,NA,05-Oct-70,08-Jul-93,17-Jun-04,0,NA,NA,0,NA,NA
54,FB59,Female,1974,2003,FB19,08-May-76,01-Mar-93,14-Jan-03,0,NA,NA,0,NA,NA
8,FB60,Male,1960,NA,NA,22-Oct-70,05-Feb-93,11-Nov-96,0,NA,NA,0,NA,NA
55,FB62,Male,1973,NA,FB63,08-May-76,29-Jan-93,11-Feb-97,0,NA,NA,0,NA,NA
56,FB63,Female,1954,2008,NA,08-May-76,05-Feb-93,08-Oct-08,1,1991,P,0,NA,NA
416,FB65,Female,1983,NA,FB67,22-Jun-83,05-Feb-93,13-Nov-14,1,1996,A,0,NA,NA
85,FB66,Male,1976,2013,NA,20-Sep-80,22-Jan-93,15-Jul-13,1,2007,"A, C, D",1,2013,boat strike
531,FB68,Male,1976,2009,NA,24-Jun-85,24-Sep-93,26-Sep-08,1,2006,D,1,2009,ingestion
195,FB70,Male,NA,NA,NA,22-Sep-81,25-Jul-96,13-Jun-02,0,NA,NA,0,NA,NA
22,FB71,Female,1961,NA,NA,27-Jul-71,20-Jan-93,24-Jun-96,1,1991,P,0,NA,NA
120,FB73,Female,NA,NA,NA,28-Sep-80,25-May-93,18-Sep-02,0,NA,NA,0,NA,NA
219,FB75,Female,1974,2006,NA,18-May-82,04-Feb-93,20-Apr-06,1,1991,A,1,2006,ingestion
86,FB76,Male,1977,NA,NA,20-Sep-80,22-Jan-93,03-Sep-05,0,NA,NA,1,<1985,entanglement
116,FB78,Male,1972,NA,NA,27-Sep-80,20-Jan-93,05-Dec-14,1,2005,B,1,1983,boat strike
532,FB79,Female,1979,NA,NA,25-Jun-85,05-Feb-93,26-Dec-14,1,2001,A,0,NA,NA
112,FB83,Female,1950,NA,NA,26-Sep-80,01-Mar-93,14-Oct-04,0,NA,NA,0,NA,NA
32,FB84,Female,1958,NA,NA,01-Jun-75,14-Feb-93,25-Oct-02,1,2000,P,0,NA,NA
113,FB87,Female,1977,NA,NA,26-Sep-80,07-Jul-93,13-Nov-14,1,2009,A,0,NA,NA
178,FB89,Female,1971,2011,NA,30-Jun-81,13-Aug-97,30-Aug-10,0,NA,NA,0,NA,NA
43,FB90,Female,1970,NA,NA,15-Dec-75,20-Jan-93,11-Dec-14,1,2014,H,0,NA,NA
571,FB92,Male,1988,NA,FB84,16-Jun-88,20-Jan-93,26-Dec-14,1,1992,P,1,<1992,entanglement
530,FB93,Female,1985,2012,FB35,20-Jun-85,20-Jan-93,06-Dec-12,1,1987,A,1,2012,ingestion
30,FB94,Male,1970,NA,NA,28-Apr-75,22-Jan-93,29-Jul-04,0,NA,NA,1,<1984,entanglement
95,FB96,Male,1958,2001,NA,22-Sep-80,11-Jan-93,22-May-01,1,1994,A,1,2001,ingestion
96,FB98,Male,1953,1995,NA,22-Sep-80,11-Jan-93,24-May-95,1,1994,A,0,NA,NA
896,FB99,Female,1987,2005,NA,11-Sep-89,15-Sep-93,10-Mar-05,0,NA,NA,0,NA,NA
1052,FEAT,Probable Female,NA,NA,NA,05-Jul-90,16-Nov-93,08-Jun-10,0,NA,NA,0,NA,NA
2061,FINS,NA,NA,NA,NA,15-Sep-93,15-Sep-93,11-Sep-06,0,NA,NA,0,NA,NA
3082,FIRE,NA,NA,NA,BTLE,25-Aug-00,25-Aug-00,25-Aug-00,0,NA,NA,0,NA,NA
1537,FJSL,NA,NA,NA,NA,12-Aug-91,14-Jun-93,06-Nov-08,0,NA,NA,0,NA,NA
913,FLBB,NA,NA,NA,NA,13-Sep-89,14-Sep-93,25-Jun-07,0,NA,NA,0,NA,NA
1511,FLCR,NA,NA,NA,NA,19-Jul-91,08-Jun-93,01-Dec-09,0,NA,NA,0,NA,NA
3753,FLDG,NA,NA,NA,NA,06-Jul-04,06-Jul-04,06-Aug-05,0,NA,NA,0,NA,NA
1512,FLEA,NA,NA,NA,NA,19-Jul-91,19-Nov-97,01-Dec-09,0,NA,NA,0,NA,NA
172,FLTP,Female,NA,1996,NA,23-May-81,25-Jul-96,25-Jul-96,0,NA,NA,1,1996,boat strike
1709,FNIS,NA,NA,NA,NA,03-Oct-91,20-Sep-93,12-May-09,0,NA,NA,0,NA,NA
5218,FRGG,Female,NA,NA,NA,08-Sep-10,08-Sep-10,13-Feb-11,0,NA,NA,0,NA,NA
3543,FRGI,NA,NA,NA,NA,15-Jul-03,15-Jul-03,07-Nov-13,0,NA,NA,0,NA,NA
5010,FRN2,NA,NA,NA,FRNG,06-May-10,06-May-10,17-Jun-11,0,NA,NA,0,NA,NA
4987,FRN3,NA,NA,NA,FRNG,15-Jun-12,15-Jun-12,06-Aug-14,0,NA,NA,0,NA,NA
3824,FRNC,NA,NA,NA,FRNG,10-Aug-05,10-Aug-05,11-Aug-08,0,NA,NA,0,NA,NA
3062,FRNG,Female,NA,NA,NA,08-Aug-00,08-Aug-00,06-Aug-14,0,NA,NA,0,NA,NA
5470,FRNZ,NA,NA,NA,NA,11-Apr-14,11-Apr-14,06-Aug-14,0,NA,NA,0,NA,NA
4950,FRPT,NA,NA,NA,NA,17-Sep-12,17-Sep-12,17-Sep-12,0,NA,NA,0,NA,NA
1118,FTHS,NA,NA,NA,NA,16-Aug-90,15-Jun-93,21-Jun-06,0,NA,NA,0,NA,NA
1078,FTLB,NA,NA,NA,NA,13-Aug-90,24-Sep-99,24-Sep-99,0,NA,NA,0,NA,NA
3761,FUDD,NA,NA,NA,NA,26-Jul-04,26-Jul-04,01-Apr-14,0,NA,NA,0,NA,NA
4039,FZJ1,NA,2008,NA,FZJS,05-Nov-08,05-Nov-08,08-Oct-14,0,NA,NA,0,NA,NA
4871,FZJ2,NA,NA,NA,FZJS,05-Nov-12,05-Nov-12,20-Aug-13,0,NA,NA,0,NA,NA
3758,FZJS,Probable Female,NA,NA,NA,22-Jul-04,22-Jul-04,18-Jul-14,0,NA,NA,0,NA,NA
5373,GLOS,NA,NA,NA,NA,02-Dec-13,02-Dec-13,02-Dec-13,0,NA,NA,0,NA,NA
5122,GPHK,NA,NA,NA,NA,13-Jun-11,13-Jun-11,09-Sep-14,0,NA,NA,0,NA,NA
5101,GPPY,NA,NA,NA,NA,25-Mar-04,25-Mar-04,21-Jun-06,0,NA,NA,0,NA,NA
2249,GRC1,NA,NA,NA,NA,21-Jun-95,21-Jun-95,21-Jun-95,0,NA,NA,0,NA,NA
2250,GRC2,NA,NA,NA,NA,21-Jun-95,21-Jun-95,21-Jun-95,0,NA,NA,0,NA,NA
4915,GRGO,Male,NA,NA,NA,11-Jul-11,11-Jul-11,08-Oct-14,0,NA,NA,0,NA,NA
2765,GRPS,NA,NA,NA,NA,19-Nov-97,19-Nov-97,18-Jul-03,0,NA,NA,0,NA,NA
3748,GRW1,NA,NA,NA,GRWW,24-Jun-04,24-Jun-04,12-Oct-05,0,NA,NA,0,NA,NA
4011,GRW2,NA,2007,NA,GRWW,05-Jun-08,05-Jun-08,02-Sep-14,0,NA,NA,0,NA,NA
5320,GRW3,NA,NA,NA,GRWW,05-Sep-13,05-Sep-13,06-Sep-13,0,NA,NA,0,NA,NA
3349,GRWW,Female,NA,NA,NA,30-May-02,30-May-02,06-Sep-13,0,NA,NA,0,NA,NA
3965,GSKN,NA,NA,NA,NA,25-Jun-07,25-Jun-07,25-Jun-07,0,NA,NA,0,NA,NA
863,GTFG,NA,NA,NA,NA,07-Sep-89,08-Oct-93,12-Jun-08,0,NA,NA,0,NA,NA
2234,GWEN,Probable Female,NA,NA,NA,01-May-95,01-May-95,24-Mar-99,0,NA,NA,0,NA,NA
2962,GWNC,NA,NA,NA,GWEN,14-Aug-98,14-Aug-98,14-Aug-98,0,NA,NA,0,NA,NA
3398,HAAK,NA,NA,NA,NA,03-Sep-02,03-Sep-02,05-Mar-14,1,2010,P,0,NA,NA
735,HAIR,Female,NA,NA,NA,27-Sep-88,17-Jun-93,11-Dec-14,0,NA,NA,0,NA,NA
3067,HAMM,Female,NA,NA,NA,17-Aug-00,17-Aug-00,20-Jun-06,0,NA,NA,0,NA,NA
3465,HAN2,NA,<2002,NA,NA,23-Oct-02,23-Oct-02,29-Mar-04,0,NA,NA,0,NA,NA
2572,HANC,NA,NA,NA,HANG,01-Jul-97,01-Jul-97,15-May-98,0,NA,NA,0,NA,NA
2573,HANG,Probable Female,NA,NA,NA,01-Jul-97,01-Jul-97,19-Nov-04,0,NA,NA,0,NA,NA
2998,HAWC,NA,1999,NA,F237,22-Jun-99,22-Jun-99,07-Nov-03,0,NA,NA,0,NA,NA
3151,HBM1,NA,2001,NA,NA,31-May-01,31-May-01,30-Jul-03,0,NA,NA,0,NA,NA
3841,HBM2,Male,2004?,NA,HBMB,09-Nov-05,09-Nov-05,14-Dec-09,0,NA,NA,0,NA,NA
4051,HBM3,NA,2009,NA,HBMB,02-Jun-09,02-Jun-09,01-Aug-14,0,NA,NA,0,NA,NA
5047,HBM4,NA,NA,NA,HBMB,12-Jun-13,12-Jun-13,13-Nov-14,0,NA,NA,0,NA,NA
1026,HBMB,Probable Female,NA,NA,NA,12-Oct-89,04-Oct-93,13-Nov-14,0,NA,NA,0,NA,NA
617,HBUT,NA,NA,NA,NA,16-Sep-88,17-Sep-93,12-Jan-01,0,NA,NA,0,NA,NA
4032,HDMM,NA,NA,NA,NA,11-Aug-08,11-Aug-08,08-Oct-08,0,NA,NA,0,NA,NA
3749,HDSK,NA,NA,NA,NA,24-Jun-04,24-Jun-04,25-Jun-04,0,NA,NA,0,NA,NA
1509,HFFR,NA,NA,NA,NA,12-Jul-91,18-May-93,19-Oct-93,0,NA,NA,0,NA,NA
1958,HFLT,NA,NA,NA,NA,17-Aug-93,17-Aug-93,09-Aug-07,0,NA,NA,0,NA,NA
1839,HILB,Male,NA,NA,NA,02-Sep-92,04-Jun-97,18-May-12,0,NA,NA,0,NA,NA
2209,HIPC,NA,NA,NA,HIPM,15-Mar-95,15-Mar-95,15-Mar-95,0,NA,NA,0,NA,NA
2210,HIPM,Probable Female,NA,NA,NA,15-Mar-95,15-Mar-95,09-Mar-07,0,NA,NA,0,NA,NA
143,HIQQ,Male,NA,NA,NA,02-Oct-80,05-Feb-93,15-Sep-14,0,NA,NA,0,NA,NA
1001,HITS,Male,NA,NA,NA,05-Oct-89,17-Jun-93,11-Dec-14,0,NA,NA,0,NA,NA
4049,HLP3,NA,2009,2009,HAIR,26-May-09,26-May-09,26-May-09,0,NA,NA,0,NA,NA
4097,HLP4,NA,2010,NA,HAIR,05-Aug-10,05-Aug-10,11-Dec-14,0,NA,NA,0,NA,NA
3042,HLPC,NA,2000,NA,HAIR,09-Jul-00,09-Jul-00,15-Sep-14,0,NA,NA,0,NA,NA
5071,HML2,NA,NA,NA,HMLT,08-Jul-13,08-Jul-13,13-Nov-14,0,NA,NA,0,NA,NA
3848,HMLC,NA,<2006,NA,HMLT,27-Mar-06,27-Mar-06,22-May-14,0,NA,NA,0,NA,NA
883,HMLS,NA,NA,NA,NA,09-Sep-89,19-Apr-95,06-Jun-95,0,NA,NA,0,NA,NA
3008,HMLT,Probable Female,NA,NA,NA,25-Aug-99,25-Aug-99,13-Nov-14,0,NA,NA,0,NA,NA
3823,HMMC,NA,2005,NA,HMMM,29-Jul-05,29-Jul-05,04-Aug-05,0,NA,NA,0,NA,NA
2640,HMMM,Female,NA,NA,NA,12-Sep-97,12-Sep-97,04-Aug-05,0,NA,NA,0,NA,NA
2596,HMTN,NA,NA,NA,NA,12-Aug-97,12-Aug-97,16-Aug-10,0,NA,NA,0,NA,NA
4004,HNB2,NA,NA,NA,HNBT,29-May-08,29-May-08,22-May-14,0,NA,NA,0,NA,NA
1418,HNBC,NA,1990,NA,HNBT,02-Oct-90,22-Sep-93,22-Sep-93,0,NA,NA,0,NA,NA
715,HNBT,Probable Female,NA,NA,NA,23-Sep-88,18-May-93,16-Aug-10,0,NA,NA,0,NA,NA
2200,HNSC,NA,NA,NA,NA,20-Oct-94,20-Oct-94,05-Jul-00,0,NA,NA,0,NA,NA
3885,HOK1,NA,NA,NA,HOKA,24-Jul-06,24-Jul-06,07-Aug-14,0,NA,NA,0,NA,NA
5550,HOK2,NA,NA,NA,HOKA,06-Nov-08,06-Nov-08,01-Aug-14,0,NA,NA,0,NA,NA
2655,HOKA,Probable Female,NA,NA,NA,23-Sep-97,23-Sep-97,12-Jun-13,0,NA,NA,0,NA,NA
3148,HOOV,NA,NA,NA,NA,23-Apr-01,23-Apr-01,23-Apr-01,0,NA,NA,0,NA,NA
4043,HOV2,NA,<2009,NA,HOVA,09-Feb-09,09-Feb-09,13-Nov-14,0,NA,NA,0,NA,NA
3796,HOVA,Probable Female,NA,2014,NA,19-Nov-04,19-Nov-04,10-Jan-14,0,NA,NA,0,NA,NA
3822,HOVC,NA,2005,NA,HOVA,27-Jul-05,27-Jul-05,13-Nov-14,0,NA,NA,0,NA,NA
1920,HOWL,NA,NA,NA,NA,18-May-93,18-May-93,23-Sep-93,0,NA,NA,0,NA,NA
3361,HPLA,Probable Female,NA,NA,NA,13-Jun-02,13-Jun-02,16-Aug-10,0,NA,NA,0,NA,NA
5192,HRDM,NA,NA,NA,NA,03-May-11,03-May-11,03-May-11,0,NA,NA,0,NA,NA
1425,HSMS,Probable Female,NA,NA,NA,08-Oct-90,29-Jun-93,15-Sep-95,0,NA,NA,0,NA,NA
2563,HSN2,NA,<1997,NA,HSNS,21-Apr-97,21-Apr-97,19-Aug-98,0,NA,NA,0,NA,NA
4000,HSN3,NA,2008,NA,HSNS,27-May-08,27-May-08,06-Aug-14,0,NA,NA,0,NA,NA
4899,HSN4,NA,NA,NA,HSNS,05-Sep-12,05-Sep-12,07-Aug-14,0,NA,NA,0,NA,NA
1014,HSNC,NA,1989,NA,HSNS,09-Oct-89,27-May-93,06-Jul-93,0,NA,NA,0,NA,NA
464,HSNS,Probable Female,NA,NA,NA,25-Jul-83,27-May-93,07-Aug-14,0,NA,NA,0,NA,NA
2974,HUCK,NA,NA,NA,NA,21-Apr-99,21-Apr-99,16-Apr-13,0,NA,NA,0,NA,NA
3152,HUEY,NA,NA,NA,NA,31-May-01,31-May-01,15-Jul-03,0,NA,NA,0,NA,NA
1027,HVMS,Male,NA,NA,NA,12-Oct-89,06-Feb-93,13-Nov-14,0,NA,NA,0,NA,NA
3736,HWK2,NA,2004,NA,F237,08-Jun-04,08-Jun-04,13-Jul-06,0,NA,NA,0,NA,NA
3978,HWK3,NA,2007,NA,F237,08-Aug-07,08-Aug-07,13-Nov-14,1,2014,A,0,NA,NA
2568,IKN2,Male,1997,NA,IKNO,30-Jun-97,30-Jun-97,29-Nov-14,1,2006,B,0,NA,NA
2283,IKNC,NA,NA,NA,IKNO,27-Feb-96,27-Feb-96,27-Feb-96,0,NA,NA,0,NA,NA
1972,IKNO,Female,NA,2001,NA,18-Aug-93,18-Aug-93,30-Aug-01,0,NA,NA,1,2001,boat strike
3943,J001,Male,NA,NA,NA,08-Feb-07,08-Feb-07,02-Oct-14,0,NA,NA,0,NA,NA
5022,J007,NA,NA,NA,NA,03-Jun-10,03-Jun-10,21-May-13,0,NA,NA,0,NA,NA
4148,JADE,NA,NA,NA,NA,23-Feb-10,23-Feb-10,18-May-12,0,NA,NA,0,NA,NA
452,JAGG,NA,NA,NA,NA,22-Jul-83,18-May-93,17-May-96,0,NA,NA,0,NA,NA
2877,JAGR,Male,NA,NA,NA,17-Jun-98,17-Jun-98,07-Nov-13,0,NA,NA,0,NA,NA
5312,JAMM,NA,NA,NA,PNTB,15-Aug-08,15-Aug-08,03-Dec-14,0,NA,NA,0,NA,NA
144,JAWS,NA,NA,NA,NA,02-Oct-80,02-Jul-93,16-Jun-95,0,NA,NA,0,NA,NA
2289,JBA2,NA,<1996,NA,JBAK,17-May-96,17-May-96,29-Sep-97,0,NA,NA,0,NA,NA
1057,JBAC,NA,1991,NA,JBAK,10-Jul-90,10-Sep-93,10-Sep-93,0,NA,NA,0,NA,NA
1002,JBAK,Probable Female,NA,NA,NA,05-Oct-89,10-Sep-93,06-Sep-13,0,NA,NA,0,NA,NA
4033,JELY,NA,NA,NA,NA,15-Aug-08,15-Aug-08,15-Aug-08,0,NA,NA,0,NA,NA
3467,JETY,NA,<1997,NA,SCSM,03-Oct-97,03-Oct-97,13-Nov-14,1,2008,F,0,NA,NA
4026,JGL1,NA,2008,NA,JGLD,05-Aug-08,05-Aug-08,18-Nov-09,0,NA,NA,0,NA,NA
5447,JGL2,NA,NA,NA,JGLD,01-Apr-14,01-Apr-14,02-Sep-14,0,NA,NA,0,NA,NA
3929,JGLD,Probable Female,NA,NA,NA,29-Sep-06,29-Sep-06,02-Sep-14,0,NA,NA,0,NA,NA
825,JIG3,Male,NA,NA,NA,11-Oct-88,18-May-93,12-Jun-12,0,NA,NA,0,NA,NA
3797,JOJO,NA,NA,NA,NA,07-Dec-04,07-Dec-04,09-Nov-11,0,NA,NA,0,NA,NA
2567,JOSC,Male,1997,2013,JOSE,20-Jun-97,20-Jun-97,04-Feb-13,1,2010,A,0,NA,NA
2304,JOSE,Female,NA,2006,NA,14-Jun-96,14-Jun-96,27-Mar-06,0,NA,N,1,2006,ingestion
730,KMBT,NA,NA,NA,NA,25-Sep-88,18-May-93,19-Apr-95,0,NA,NA,0,NA,NA
716,KMSN,NA,NA,NA,NA,23-Sep-88,10-Feb-93,29-Jun-94,0,NA,NA,0,NA,NA
2781,KNIK,NA,NA,NA,NA,14-Jan-98,14-Jan-98,18-Oct-99,0,NA,NA,0,NA,NA
2831,KNNC,NA,NA,NA,KNNN,14-May-98,14-May-98,22-Sep-08,0,NA,NA,0,NA,NA
2235,KNNN,Probable Female,NA,NA,NA,01-May-95,01-May-95,13-Aug-13,0,NA,NA,0,NA,NA
76,KNOB,Probable Female,NA,NA,NA,19-Sep-80,23-Jun-93,29-Jul-97,0,NA,NA,0,NA,NA
3552,KNOR,NA,NA,NA,NA,12-Aug-03,12-Aug-03,11-Sep-06,0,NA,NA,0,NA,NA
3155,KNSY,NA,NA,NA,NA,18-Jun-01,18-Jun-01,25-Oct-01,0,NA,NA,0,NA,NA
2782,KOKO,Probable Female,NA,NA,NA,14-Jan-98,14-Jan-98,08-Oct-14,0,NA,NA,0,NA,NA
4913,KRSN,NA,NA,NA,NA,16-Dec-11,16-Dec-11,07-Aug-14,1,2012,P,0,NA,NA
3821,L108,NA,NA,NA,NA,25-Jul-05,25-Jul-05,19-May-14,0,NA,NA,0,NA,NA
1540,L160,NA,NA,NA,NA,12-Aug-91,22-Sep-93,16-Aug-10,0,NA,NA,0,NA,NA
805,LACH,NA,NA,NA,NA,05-Oct-88,14-Jan-97,13-Nov-01,0,NA,NA,0,NA,NA
2287,LAT2,NA,NA,NA,NA,16-May-96,16-May-96,24-Apr-02,0,NA,NA,0,NA,NA
1374,LB2N,NA,NA,NA,NA,18-Sep-90,20-Jul-93,11-Aug-93,0,NA,NA,0,NA,NA
1516,LBHL,NA,NA,NA,NA,22-Jul-91,23-Sep-93,12-Aug-13,0,NA,NA,0,NA,NA
3766,LBLD,NA,NA,NA,NA,28-Jul-04,28-Jul-04,11-Sep-06,0,NA,NA,0,NA,NA
2590,LBLK,Male,NA,NA,NA,24-Jul-97,24-Jul-97,18-Jan-01,0,NA,NA,0,NA,NA
2229,LBLS,Probable Female,NA,NA,NA,31-Mar-95,31-Mar-95,21-Jun-00,0,NA,NA,0,NA,NA
737,LBMA,Female,NA,NA,NA,27-Sep-88,28-Sep-93,12-Nov-97,0,NA,NA,0,NA,NA
1069,LBMN,NA,NA,NA,NA,12-Aug-90,21-Jul-93,18-May-05,1,1992,X,0,NA,NA
2230,LBSC,NA,NA,NA,LBLS,31-Mar-95,31-Mar-95,21-Aug-95,0,NA,NA,0,NA,NA
328,LBSL,NA,NA,NA,NA,09-Aug-82,10-May-01,22-May-14,0,NA,NA,0,NA,NA
2278,LBT1,NA,NA,NA,LBTY,21-Sep-95,21-Sep-95,21-Sep-95,0,NA,NA,0,NA,NA
1910,LBTY,Probable Female,NA,NA,NA,28-Sep-92,19-Apr-95,19-Jun-96,0,NA,NA,0,NA,NA
937,LCDB,NA,NA,NA,NA,14-Sep-89,20-Oct-94,03-May-96,0,NA,NA,0,NA,NA
1732,LCKC,NA,1992?,NA,LCKL,05-May-92,24-Aug-93,24-Aug-93,0,NA,NA,0,NA,NA
842,LCKL,Probable Female,NA,NA,NA,22-May-89,01-Mar-93,11-Nov-13,0,NA,NA,0,NA,NA
3895,LDB1,NA,NA,NA,LDBP,16-Aug-06,16-Aug-06,03-Aug-12,0,NA,NA,0,NA,NA
3896,LDBP,Probable Female,NA,NA,NA,16-Aug-06,16-Aug-06,04-Feb-08,0,NA,NA,0,NA,NA
2122,LDM2,NA,NA,NA,LDMA,26-Jan-94,26-Jan-94,26-Jan-94,0,NA,NA,0,NA,NA
3350,LDM3,Female,NA,NA,LDMA,30-May-02,30-May-02,02-Oct-14,0,NA,NA,0,NA,NA
816,LDMA,Probable Female,NA,NA,NA,10-Oct-88,23-Sep-93,09-Dec-11,0,NA,NA,0,NA,NA
204,LDNK,NA,NA,NA,NA,24-Sep-81,19-Jun-98,23-Jun-98,0,NA,NA,0,NA,NA
1951,LEMS,NA,NA,NA,NA,08-Jul-93,08-Jul-93,06-Oct-00,0,NA,NA,0,NA,NA
3542,LEON,NA,NA,NA,NA,26-Jun-03,26-Jun-03,13-Aug-07,0,NA,NA,0,NA,NA
205,LFLG,Male,NA,NA,NA,24-Sep-81,21-Jul-93,01-Jul-04,0,NA,NA,0,NA,NA
1031,LGSC,NA,NA,NA,MTMN,12-Oct-89,27-May-93,20-Oct-95,0,NA,NA,0,NA,NA
1517,LHLV,NA,NA,NA,NA,22-Jul-91,06-Jul-93,08-Oct-08,0,NA,NA,0,NA,NA
5554,LINK,NA,2014,NA,ZEL2,03-Oct-14,03-Oct-14,01-Dec-14,0,NA,NA,0,NA,NA
5188,LITT,NA,NA,NA,NA,13-Feb-11,13-Feb-11,02-Dec-13,0,NA,NA,0,NA,NA
2201,LIWB,NA,NA,NA,NA,20-Oct-94,20-Oct-94,20-Oct-94,0,NA,NA,0,NA,NA
4029,LIZ1,NA,2008,NA,LIZD,06-Aug-08,06-Aug-08,29-Nov-14,0,NA,NA,0,NA,NA
2734,LIZD,Female,NA,NA,SHTC,21-Oct-97,21-Oct-97,02-Oct-14,0,NA,NA,0,NA,NA
2644,LLLN,Male,NA,NA,NA,18-Sep-97,18-Sep-97,13-Nov-14,0,NA,NA,0,NA,NA
947,LNBT,NA,NA,NA,NA,17-Sep-89,10-Feb-93,11-Sep-06,0,NA,NA,0,NA,NA
4946,LNC2,NA,NA,NA,LNPC,11-May-11,11-May-11,15-Sep-14,0,NA,NA,0,NA,NA
5505,LNC3,NA,NA,2014,LNPC,06-Jun-14,06-Jun-14,06-Jun-14,0,NA,NA,0,NA,NA
3865,LNCC,NA,2006,NA,LNPC,24-May-06,24-May-06,02-Oct-14,1,2012,"A, C",0,NA,NA
4885,LNL1,NA,NA,NA,LNLD,01-Feb-12,01-Feb-12,13-Nov-14,0,NA,NA,0,NA,NA
3808,LNLD,Probable Female,NA,NA,NA,16-May-05,16-May-05,13-Nov-14,1,2006,A,0,NA,NA
2626,LNPC,Female,<1997,NA,LNPF,28-Aug-97,28-Aug-97,11-Dec-14,0,NA,NA,0,NA,NA
593,LNPF,Probable Female,NA,NA,NA,09-Sep-88,08-Dec-94,05-Nov-14,0,NA,NA,0,NA,NA
752,LNST,NA,NA,NA,NA,29-Sep-88,15-Jun-93,02-Feb-12,0,NA,NA,0,NA,NA
38,LOBE,NA,NA,NA,NA,31-Aug-75,18-May-93,17-May-96,0,NA,NA,0,NA,NA
2593,LONE,NA,NA,NA,NA,11-Aug-97,11-Aug-97,08-Oct-14,0,NA,NA,0,NA,NA
3092,LOT1,NA,2000,NA,LOTB,01-Oct-00,01-Oct-00,30-May-02,0,NA,NA,0,NA,NA
3816,LOT2,NA,2005,NA,LOTB,17-Jun-05,17-Jun-05,05-Jun-08,0,NA,NA,0,NA,NA
5561,LOT3,NA,NA,NA,LOTB,18-Jun-09,18-Jun-09,17-Aug-10,0,NA,NA,0,NA,NA
5568,LOT4,NA,NA,NA,LOTB,02-Apr-12,02-Apr-12,12-Jun-12,0,NA,NA,0,NA,NA
1423,LOTB,Probable Female,NA,NA,NA,05-Oct-90,30-Apr-93,12-Jun-12,0,NA,NA,0,NA,NA
2345,LRBD,NA,NA,NA,NA,08-Aug-96,08-Aug-96,12-Sep-06,0,NA,NA,0,NA,NA
206,LSL1,NA,NA,NA,NA,24-Sep-81,15-Jun-93,24-Sep-93,0,NA,NA,0,NA,NA
98,LSPL,NA,NA,NA,NA,23-Sep-80,07-May-96,13-Jun-02,0,NA,NA,0,NA,NA
1530,LSPO,Male,NA,2000,NA,11-Aug-91,20-Aug-93,12-Jan-00,0,NA,NA,0,NA,NA
2233,LTET,NA,NA,NA,NA,19-Apr-95,19-Apr-95,11-Jul-95,0,NA,NA,0,NA,NA
2549,LTS2,NA,NA,NA,LTSM,28-Aug-96,28-Aug-96,28-Aug-96,0,NA,NA,0,NA,NA
1395,LTSM,Probable Female,NA,NA,NA,26-Sep-90,04-Apr-95,28-Aug-96,0,NA,NA,0,NA,NA
2120,LUMP,NA,NA,NA,NA,07-Jan-94,07-Jan-94,23-Mar-94,0,NA,NA,0,NA,NA
3579,LWHP,NA,NA,NA,NA,20-Aug-03,20-Aug-03,22-May-14,0,NA,NA,0,NA,NA
865,LWMN,NA,NA,NA,NA,07-Sep-89,21-Oct-94,18-Jul-03,0,NA,NA,0,NA,NA
3802,LWP1,Female,2004?,NA,LWPT,11-Mar-05,11-Mar-05,23-May-08,0,NA,NA,0,NA,NA
4016,LWP2,NA,2008,NA,LWPT,12-Jun-08,12-Jun-08,18-Sep-08,0,NA,NA,0,NA,NA
3668,LWPT,Female,NA,NA,NA,08-Oct-03,08-Oct-03,18-Sep-08,0,NA,NA,0,NA,NA
3988,LYFN,NA,NA,NA,NA,25-Oct-07,25-Oct-07,04-Jun-14,0,NA,NA,0,NA,NA
1850,LYLU,NA,NA,NA,NA,08-Sep-92,16-Mar-95,31-May-01,0,NA,NA,0,NA,NA
718,M145,Probable Female,NA,NA,NA,23-Sep-88,15-Feb-95,13-Nov-14,1,2007,A,0,NA,NA
3985,M164,NA,NA,NA,NA,14-Sep-07,14-Sep-07,07-Oct-08,0,NA,NA,0,NA,NA
3849,MAN1,NA,NA,NA,MANT,27-Mar-06,27-Mar-06,07-Aug-14,0,NA,NA,0,NA,NA
4063,MAN2,NA,NA,NA,MANT,17-Nov-09,17-Nov-09,01-Oct-12,0,NA,NA,0,NA,NA
5046,MAN3,NA,NA,NA,MANT,12-Jun-13,12-Jun-13,09-Jul-13,0,NA,NA,0,NA,NA
1730,MANT,Probable Female,NA,NA,NA,17-Mar-92,15-Feb-95,22-May-14,0,NA,NA,0,NA,NA
773,MARX,NA,NA,NA,NA,01-Oct-88,17-Aug-00,20-Jan-03,0,NA,NA,0,NA,NA
4147,MAUD,NA,NA,NA,NA,01-Dec-09,01-Dec-09,13-Nov-14,0,NA,NA,0,NA,NA
1370,MBAB,NA,NA,NA,NA,17-Sep-90,10-Feb-93,10-Feb-09,0,NA,NA,0,NA,NA
990,MBOX,NA,NA,NA,NA,04-Oct-89,15-Jun-93,24-Sep-93,0,NA,NA,0,NA,NA
2293,MCM2,NA,1996,NA,MCMA,28-Feb-94,28-Feb-94,23-May-96,0,NA,NA,0,NA,NA
5409,MCM3,NA,NA,NA,MCMA,13-May-99,13-May-99,22-Oct-02,0,NA,NA,0,NA,NA
174,MCMA,Female,NA,NA,NA,23-May-81,30-Mar-93,10-Jul-01,0,NA,NA,0,NA,NA
1072,MDLB,Male,NA,2011,NA,12-Aug-90,23-Aug-93,22-Sep-07,0,NA,NA,0,NA,NA
1933,MDNK,Female,NA,NA,NA,18-Jun-93,18-Jun-93,12-Jun-08,0,NA,NA,0,NA,NA
2282,MDPK,NA,NA,NA,NA,23-Feb-96,23-Feb-96,12-Jun-97,0,NA,NA,0,NA,NA
1934,MDSQ,NA,NA,NA,NA,28-Jun-93,28-Jun-93,15-Jul-03,0,NA,NA,0,NA,NA
3930,MEAD,Female,NA,NA,NA,29-Sep-06,29-Sep-06,22-May-14,0,NA,NA,0,NA,NA
1834,MHBT,NA,NA,NA,NA,01-Sep-92,06-Nov-97,11-Sep-06,0,NA,NA,0,NA,NA
1503,MIDF,Male,NA,NA,NA,26-Jun-91,10-Feb-93,05-Jun-14,0,NA,NA,0,NA,NA
2204,MIDM,NA,NA,NA,NA,17-Jan-95,17-Jan-95,04-Sep-13,0,NA,NA,0,NA,NA
2917,MJM2,NA,1998,NA,MJMA,17-Jul-98,17-Jul-98,07-Nov-13,0,NA,NA,0,NA,NA
2254,MLOB,Female,NA,NA,NA,11-Jul-95,11-Jul-95,12-Nov-03,0,NA,NA,0,NA,NA
2255,MLOC,NA,<1995,NA,MLOB,11-Jul-95,11-Jul-95,24-Apr-97,0,NA,NA,0,NA,NA
868,MLTS,NA,NA,NA,NA,07-Sep-89,18-May-93,16-Aug-10,0,NA,NA,0,NA,NA
4752,MLVN,NA,NA,NA,NA,25-Mar-04,25-Mar-04,02-Oct-14,1,2008,A,0,NA,NA
1544,MM62,NA,NA,NA,NA,12-Aug-91,22-Sep-93,19-Apr-95,0,NA,NA,0,NA,NA
1835,MM68,NA,NA,NA,NA,01-Sep-92,18-May-93,18-May-93,0,NA,NA,0,NA,NA
686,MM72,Male,NA,NA,NA,20-Sep-88,21-Sep-93,04-Sep-13,0,NA,NA,0,NA,NA
2785,MNC2,NA,NA,NA,MNCB,09-Feb-98,09-Feb-98,09-Feb-98,0,NA,NA,0,NA,NA
123,MNCB,Probable Female,NA,NA,NA,28-Sep-80,20-Sep-93,09-Feb-98,0,NA,NA,0,NA,NA
2833,MNIC,NA,1998,NA,MNIK,14-May-98,14-May-98,25-Jun-02,0,NA,NA,0,NA,NA
1646,MNIK,Probable Female,NA,NA,NA,04-Sep-91,22-Sep-93,21-Apr-04,0,NA,NA,0,NA,NA
1959,MOCH,NA,NA,NA,NA,17-Aug-93,17-Aug-93,04-Oct-96,1,1993,F,0,NA,NA
105,MOLA,Probable Female,NA,NA,NA,25-Sep-80,18-May-93,21-Nov-02,0,NA,NA,0,NA,NA
2562,MOML,NA,NA,NA,NA,27-Mar-97,27-Mar-97,27-Mar-97,0,NA,NA,0,NA,NA
5362,MOOY,NA,NA,NA,NA,28-Sep-10,28-Sep-10,12-Nov-13,0,NA,NA,0,NA,NA
954,MORB,Male,NA,NA,NA,18-Sep-89,24-Sep-93,12-Aug-13,0,NA,NA,0,NA,NA
2834,MORC,NA,NA,NA,MORN,14-May-98,14-May-98,14-May-98,0,NA,NA,0,NA,NA
754,MORN,Female,NA,NA,NA,29-Sep-88,04-Jun-97,20-Aug-13,0,NA,NA,0,NA,NA
1960,MPTB,Male,NA,NA,NA,17-Aug-93,17-Aug-93,03-Dec-14,1,2013,A,0,NA,NA
992,MRMS,NA,NA,NA,NA,04-Oct-89,24-Sep-93,06-Jan-04,0,NA,NA,0,NA,NA
5049,MRN2,NA,NA,NA,MORN,20-May-13,20-May-13,20-Aug-13,0,NA,NA,0,NA,NA
580,MSLB,Female,NA,1997,NA,10-Jul-88,08-Jul-93,11-Jul-97,0,NA,NA,0,NA,NA
624,MSQ2,NA,NA,NA,NA,16-Sep-88,17-Jun-93,24-May-06,0,NA,NA,0,NA,NA
1647,MSQL,NA,NA,NA,NA,04-Sep-91,27-Aug-96,27-Aug-96,0,NA,NA,0,NA,NA
1513,MSR2,NA,NA,NA,NA,19-Jul-91,08-Jun-93,20-Nov-09,0,NA,NA,0,NA,NA
1724,MSUC,NA,1991,NA,MSUM,22-Dec-91,29-Jun-95,05-Nov-07,0,NA,NA,0,NA,NA
1725,MSUM,Probable Female,NA,NA,NA,22-Dec-91,21-Mar-95,09-Mar-07,0,NA,NA,0,NA,NA
5117,MTB1,NA,NA,NA,MTBG,30-Aug-10,30-Aug-10,03-Nov-10,0,NA,NA,0,NA,NA
3523,MTBG,Female,NA,NA,NA,15-May-03,15-May-03,08-Oct-14,0,NA,NA,0,NA,NA
3918,MTEL,NA,NA,NA,NA,11-Sep-06,11-Sep-06,09-Jul-12,0,NA,NA,0,NA,NA
3157,MTHR,NA,NA,NA,NA,28-Jun-01,28-Jun-01,03-Dec-12,0,NA,NA,0,NA,NA
755,MTLR,NA,NA,NA,NA,29-Sep-88,18-May-93,10-Feb-09,0,NA,NA,0,NA,NA
1022,MTMN,Probable Female,NA,NA,NA,11-Oct-89,27-May-93,24-Oct-96,0,NA,NA,0,NA,NA
1545,MTSS,Probable Female,NA,NA,NA,12-Aug-91,24-Mar-94,22-May-14,0,NA,NA,0,NA,NA
3732,MTWO,NA,NA,NA,NA,21-May-04,21-May-04,11-Sep-06,0,NA,NA,0,NA,NA
650,MUBT,NA,NA,NA,NA,19-Sep-88,30-Sep-97,26-Sep-08,0,NA,NA,0,NA,NA
2645,MVON,Male,NA,NA,NA,18-Sep-97,18-Sep-97,21-Jan-03,0,NA,NA,0,NA,NA
2680,MYST,Female,NA,NA,NA,03-Oct-97,03-Oct-97,15-Sep-10,0,NA,NA,0,NA,NA
1836,NACK,NA,NA,NA,NA,01-Sep-92,18-Sep-97,29-Jun-12,0,NA,NA,0,NA,NA
3834,NADW,NA,NA,NA,NA,04-Nov-05,04-Nov-05,21-May-14,0,NA,NA,0,NA,NA
5532,NANA,NA,NA,NA,PNTB,01-Aug-14,01-Aug-14,06-Nov-14,0,NA,NA,0,NA,NA
5579,NHNK,NA,NA,NA,NA,29-Nov-14,29-Nov-14,29-Nov-14,0,NA,NA,0,NA,NA
924,NIB2,Probable Female,NA,NA,NA,13-Sep-89,19-Oct-93,04-Oct-12,0,NA,NA,0,NA,NA
2826,NIGT,NA,NA,NA,NA,13-May-98,13-May-98,10-Feb-14,0,NA,NA,0,NA,NA
982,NIK2,NA,NA,NA,NA,02-Oct-89,28-Jun-93,04-Feb-08,0,NA,NA,0,NA,NA
3936,NIP2,NA,NA,NA,NIPN,14-Nov-06,14-Nov-06,13-Nov-14,0,NA,NA,0,NA,NA
457,NIPP,NA,NA,NA,NA,22-Jul-83,23-Feb-96,29-Sep-06,0,NA,NA,0,NA,NA
1700,NKAL,NA,NA,NA,NA,24-Sep-91,19-Oct-93,05-Sep-13,0,NA,NA,0,NA,NA
5051,NKL2,NA,NA,NA,NKLN,15-Sep-10,15-Sep-10,17-Jun-11,0,NA,NA,0,NA,NA
3146,NKLD,NA,NA,NA,NA,14-Mar-01,14-Mar-01,10-Oct-03,0,NA,NA,0,NA,NA
1377,NKLN,Female,NA,NA,NA,18-Sep-90,05-Feb-93,17-Jun-11,0,NA,NA,0,NA,NA
2966,NKNC,NA,1998,NA,NKNN,19-Aug-98,19-Aug-98,06-Oct-98,0,NA,NA,0,NA,NA
458,NKNN,Probable Female,NA,NA,NA,22-Jul-83,25-May-94,10-Mar-00,0,NA,NA,0,NA,NA
5538,NKS1,NA,NA,NA,NKSH,05-Feb-14,05-Feb-14,07-Aug-14,0,NA,NA,0,NA,NA
3857,NKSH,NA,NA,NA,NA,20-Apr-06,20-Apr-06,07-Aug-14,0,NA,NA,0,NA,NA
858,NLPS,NA,NA,NA,NA,24-Aug-89,27-May-93,12-Aug-13,0,NA,NA,0,NA,NA
1419,NOMS,Male,NA,NA,NA,02-Oct-90,19-Oct-93,22-Jun-04,0,NA,NA,0,NA,NA
3970,NPK1,NA,2007,NA,NPKR,05-Jul-07,05-Jul-07,31-Aug-07,0,NA,NA,0,NA,NA
925,NPKR,Probable Female,NA,NA,NPK1,13-Sep-89,17-Sep-93,31-Aug-07,0,NA,NA,0,NA,NA
3860,OIEA,NA,NA,NA,NA,25-Apr-06,25-Apr-06,03-Dec-14,0,NA,NA,0,NA,NA
3009,OINK,NA,NA,NA,NA,25-Aug-99,25-Aug-99,18-Jul-03,0,NA,NA,0,NA,NA
4992,OPAL,NA,NA,NA,NA,15-Jun-12,15-Jun-12,18-Jun-12,0,NA,NA,0,NA,NA
5264,OPTP,NA,NA,NA,NA,14-Feb-00,14-Feb-00,08-Sep-10,0,NA,NA,0,NA,NA
4940,ORNG,NA,NA,NA,NA,02-Jul-12,02-Jul-12,11-Dec-14,0,NA,NA,0,NA,NA
4164,OTH_1083,NA,NA,NA,NA,07-May-10,07-May-10,07-May-10,0,NA,NA,0,NA,NA
4228,OTH_183,NA,NA,NA,NA,23-Apr-01,23-Apr-01,23-Apr-01,0,NA,NA,0,NA,NA
4268,OTH_230,NA,NA,NA,NA,21-Feb-01,21-Feb-01,21-Feb-01,0,NA,NA,0,NA,NA
4328,OTH_292,NA,NA,NA,NA,18-Aug-98,18-Aug-98,18-Aug-98,0,NA,NA,0,NA,NA
4330,OTH_295,NA,NA,NA,NA,11-Oct-01,11-Oct-01,11-Oct-01,0,NA,NA,0,NA,NA
4392,OTH_376,NA,NA,NA,NA,13-Aug-99,13-Aug-99,25-Aug-99,0,NA,NA,0,NA,NA
4394,OTH_378,NA,NA,NA,NA,13-May-99,13-May-99,25-Aug-99,0,NA,NA,0,NA,NA
4403,OTH_395,NA,NA,NA,NA,15-Aug-97,15-Aug-97,26-Aug-97,0,NA,NA,0,NA,NA
4428,OTH_441,NA,NA,NA,NA,14-Jul-95,14-Jul-95,14-Jul-95,0,NA,NA,0,NA,NA
4437,OTH_456,NA,NA,NA,NA,07-Nov-95,07-Nov-95,07-Nov-95,0,NA,NA,0,NA,NA
4446,OTH_487,NA,NA,NA,NA,13-Jul-95,13-Jul-95,13-Jul-95,0,NA,NA,0,NA,NA
4453,OTH_503,NA,NA,NA,NA,12-May-00,12-May-00,09-Jul-00,0,NA,NA,0,NA,NA
4455,OTH_506,NA,NA,NA,NA,16-Aug-00,16-Aug-00,16-Aug-00,0,NA,NA,0,NA,NA
4462,OTH_519,NA,NA,NA,NA,08-Nov-01,08-Nov-01,09-Nov-01,0,NA,NA,0,NA,NA
4480,OTH_561,NA,NA,NA,NA,21-Feb-01,21-Feb-01,21-Feb-01,0,NA,NA,0,NA,NA
4490,OTH_590,NA,NA,NA,NA,28-Jun-01,28-Jun-01,28-Jun-01,0,NA,NA,0,NA,NA
4491,OTH_591,NA,NA,NA,NA,08-Dec-95,08-Dec-95,08-Dec-95,0,NA,NA,0,NA,NA
4496,OTH_597,NA,NA,NA,NA,11-Feb-99,11-Feb-99,11-Feb-99,0,NA,NA,0,NA,NA
4502,OTH_601,NA,NA,NA,NA,24-Aug-95,24-Aug-95,24-Aug-95,0,NA,NA,0,NA,NA
4503,OTH_602,NA,NA,NA,NA,25-Aug-99,25-Aug-99,25-Aug-99,0,NA,NA,0,NA,NA
4505,OTH_604,NA,NA,NA,NA,21-Feb-94,21-Feb-94,21-Feb-94,0,NA,NA,0,NA,NA
4506,OTH_605,NA,NA,NA,NA,03-Aug-05,03-Aug-05,03-Aug-05,0,NA,NA,0,NA,NA
4507,OTH_606,NA,NA,NA,NA,18-May-98,18-May-98,18-May-98,0,NA,NA,0,NA,NA
4508,OTH_607,NA,NA,NA,NA,18-Jun-01,18-Jun-01,16-Jul-01,0,NA,NA,0,NA,NA
4510,OTH_609,NA,NA,NA,NA,16-Aug-00,16-Aug-00,16-Aug-00,0,NA,NA,0,NA,NA
4512,OTH_610,NA,NA,NA,NA,01-May-95,01-May-95,01-May-95,0,NA,NA,0,NA,NA
4514,OTH_612,NA,NA,NA,NA,22-Aug-03,22-Aug-03,22-Aug-03,0,NA,NA,0,NA,NA
4587,OTH_702,NA,NA,NA,NA,18-Jul-03,18-Jul-03,18-Jul-03,0,NA,NA,0,NA,NA
4590,OTH_707,NA,NA,NA,NA,07-Nov-95,07-Nov-95,07-Nov-95,0,NA,NA,0,NA,NA
4740,OTH_894,NA,NA,NA,NA,05-Sep-06,05-Sep-06,19-Oct-10,0,NA,NA,0,NA,NA
4749,OTH_906,NA,NA,NA,NA,11-Sep-06,11-Sep-06,11-Sep-06,0,NA,NA,0,NA,NA
4829,OTH_984,NA,NA,NA,NA,08-Dec-03,08-Dec-03,09-Aug-05,0,NA,NA,0,NA,NA
3994,P3C1,NA,NA,NA,PSC3,29-Jan-08,29-Jan-08,15-Dec-11,0,NA,NA,0,NA,NA
5050,P3C2,NA,NA,NA,PSC3,06-Jul-11,06-Jul-11,13-Jan-14,0,NA,NA,0,NA,NA
3089,P3SP,NA,NA,NA,NA,14-Sep-00,14-Sep-00,21-May-13,1,2006,E,0,NA,NA
3531,PAL1,NA,NA,NA,F231,10-Jun-03,10-Jun-03,24-Apr-06,0,NA,NA,0,NA,NA
5369,PDFT,NA,NA,NA,NA,12-Nov-13,12-Nov-13,12-Nov-13,0,NA,NA,0,NA,NA
3750,PECK,NA,NA,NA,NA,24-Jun-04,24-Jun-04,06-Jul-05,0,NA,NA,0,NA,NA
2964,PHIL,Probable Female,NA,NA,NA,17-Aug-98,17-Aug-98,13-May-14,0,NA,NA,0,NA,NA
2164,PHIN,Female,NA,NA,NA,05-Aug-94,05-Aug-94,06-Sep-06,0,NA,NA,0,NA,NA
3755,PHL1,NA,2004,NA,PHIL,09-Jul-04,09-Jul-04,17-Jul-06,0,NA,NA,0,NA,NA
4030,PHL2,NA,NA,NA,PHIL,06-Aug-08,06-Aug-08,07-Nov-13,0,NA,NA,0,NA,NA
566,PHNE,NA,NA,NA,NA,13-Jun-88,06-Feb-93,22-Jun-98,0,NA,NA,0,NA,NA
3740,PIL1,NA,2004,NA,PILA,16-Jun-04,16-Jun-04,28-Sep-06,0,NA,NA,0,NA,NA
3262,PILA,Female,NA,NA,NA,16-Oct-01,16-Oct-01,28-Sep-06,0,NA,NA,0,NA,NA
210,PINC,NA,NA,NA,NA,24-Sep-81,15-Jun-93,15-Jun-93,0,NA,NA,0,NA,NA
3109,PITA,NA,NA,NA,NA,12-Dec-00,12-Dec-00,08-Jun-11,0,NA,NA,0,NA,NA
2570,PLG2,NA,NA,NA,PLUG,30-Jun-97,30-Jun-97,22-Oct-97,0,NA,NA,0,NA,NA
341,PLOB,NA,NA,NA,NA,20-Aug-82,18-May-93,18-May-93,0,NA,NA,0,NA,NA
1939,PLUC,NA,NA,NA,PLUG,06-Jul-93,06-Jul-93,06-Jul-93,0,NA,NA,0,NA,NA
1925,PLUG,Probable Female,NA,NA,NA,27-May-93,27-May-93,09-Mar-12,0,NA,NA,0,NA,NA
1133,PMID,NA,NA,NA,NA,16-Aug-90,30-Jul-98,12-Jun-02,0,NA,NA,0,NA,NA
3934,PMTI,NA,NA,NA,NA,13-Nov-06,13-Nov-06,02-Oct-14,0,NA,NA,0,NA,NA
269,PN04,NA,NA,NA,NA,08-Jul-82,15-Jun-93,22-Feb-96,0,NA,NA,0,NA,NA
175,PN05,Female,NA,NA,NA,23-May-81,16-Mar-95,24-Apr-09,0,NA,NA,0,NA,NA
4986,PNB2,NA,NA,NA,PNBT,15-Jun-12,15-Jun-12,18-Jun-12,0,NA,NA,0,NA,NA
5042,PNB3,NA,NA,NA,PNBT,11-Jun-13,11-Jun-13,06-Aug-14,0,NA,NA,0,NA,NA
3892,PNBC,Male,2006,NA,PNBT,10-Aug-06,10-Aug-06,11-Jul-08,0,NA,NA,0,NA,NA
3016,PNBS,Male,NA,NA,NA,18-Jan-00,18-Jan-00,06-Jan-04,0,NA,NA,0,NA,NA
653,PNBT,Probable Female,NA,NA,NA,19-Sep-88,17-Sep-93,06-Aug-14,0,NA,NA,0,NA,NA
5377,PNGS,NA,NA,NA,NA,12-Nov-13,12-Nov-13,12-Nov-13,0,NA,NA,0,NA,NA
399,PNKD,NA,NA,NA,NA,25-Jan-83,13-Aug-93,09-Oct-09,0,NA,NA,0,NA,NA
1859,PNLB,NA,NA,NA,NA,09-Sep-92,15-Jun-93,15-Jun-93,0,NA,NA,0,NA,NA
4034,PNTB,NA,NA,NA,NA,15-Aug-08,15-Aug-08,06-Nov-14,0,NA,NA,0,NA,NA
3546,POCO,NA,NA,NA,NA,24-Jul-03,24-Jul-03,22-Feb-05,0,NA,NA,0,NA,NA
2900,POLC,NA,NA,NA,POLV,23-Jun-98,23-Jun-98,23-Jun-98,0,NA,NA,0,NA,NA
1735,POLV,Probable Female,NA,NA,NA,13-May-92,23-Jun-98,06-Jul-11,0,NA,NA,0,NA,NA
859,POOF,NA,NA,NA,NA,05-Sep-89,05-Feb-93,04-Feb-08,0,NA,NA,0,NA,NA
1837,PORT,Probable Female,NA,NA,NA,01-Sep-92,28-Aug-96,16-Aug-05,0,NA,NA,0,NA,NA
5216,PPS1,NA,NA,NA,PPSL,17-Jun-10,17-Jun-10,15-Dec-11,0,NA,NA,0,NA,NA
390,PPSL,Probable Female,NA,NA,NA,19-Oct-82,25-Oct-95,11-Nov-13,0,NA,NA,0,NA,NA
3964,PRF2,NA,2006?,NA,PRFR,19-Jun-07,19-Jun-07,08-Oct-14,0,NA,NA,0,NA,NA
5070,PRF3,NA,NA,NA,PRFR,04-Aug-10,04-Aug-10,10-May-11,0,NA,NA,0,NA,NA
5032,PRF4,NA,NA,NA,PRFR,22-May-13,22-May-13,07-Aug-14,0,NA,NA,0,NA,NA
2591,PRFC,NA,1995?,NA,PRFR,28-Jul-97,28-Jul-97,22-Jun-98,0,NA,NA,0,NA,NA
1018,PRFR,Probable Female,NA,NA,NA,09-Oct-89,06-Feb-93,07-Aug-14,0,NA,NA,0,NA,NA
627,PRN2,Female,NA,NA,NA,16-Sep-88,20-Sep-93,11-Sep-06,0,NA,NA,0,NA,NA
2552,PROF,NA,NA,NA,NA,18-Oct-96,18-Oct-96,04-Sep-13,0,NA,NA,0,NA,NA
3843,PRST,NA,NA,NA,NA,13-Jan-06,13-Jan-06,18-Jul-14,0,NA,NA,0,NA,NA
2299,PSB2,NA,NA,NA,PSBZ,11-Jun-96,11-Jun-96,11-Jun-96,0,NA,NA,0,NA,NA
974,PSBZ,Probable Female,NA,NA,NA,29-Sep-89,19-Oct-93,17-Jul-14,0,NA,NA,0,NA,NA
2545,PSC3,Probable Female,NA,NA,PSDQ,27-Aug-96,27-Aug-96,05-Sep-14,0,NA,NA,0,NA,NA
3004,PSC4,NA,1999,NA,PSDQ,20-Jul-99,20-Jul-99,25-Aug-99,0,NA,NA,0,NA,NA
3928,PSC5,NA,2005,NA,PSDQ,21-Sep-06,21-Sep-06,04-Dec-13,0,NA,NA,0,NA,NA
4055,PSC6,NA,2009,NA,PSDQ,17-Jul-09,17-Jul-09,06-Nov-14,0,NA,NA,0,NA,NA
5347,PSC7,NA,2013,NA,PSDQ,04-Dec-13,04-Dec-13,13-Nov-14,0,NA,NA,0,NA,NA
1685,PSD2,NA,1991?,NA,PSDZ,13-Sep-91,27-May-93,09-Jul-13,0,NA,NA,0,NA,NA
840,PSDC,NA,<1989,NA,PSDZ,11-May-89,28-Jun-93,24-Sep-93,0,NA,NA,0,NA,NA
114,PSDQ,Probable Female,NA,NA,NA,26-Sep-80,13-Aug-93,13-Nov-14,0,NA,NA,0,NA,NA
329,PSDZ,Probable Female,NA,NA,NA,09-Aug-82,27-May-93,22-Apr-94,0,NA,NA,0,NA,NA
2561,PUMP,NA,NA,NA,NA,11-Mar-97,11-Mar-97,18-Mar-99,0,NA,NA,0,NA,NA
2236,Q5LA,NA,NA,NA,NA,02-May-95,02-May-95,22-May-14,0,NA,NA,0,NA,NA
3149,QECD,Male,NA,NA,NA,23-Apr-01,23-Apr-01,14-Jul-14,0,NA,NA,0,NA,NA
5005,QUIN,Probable Female,NA,NA,NA,12-Jun-08,12-Jun-08,22-Mar-13,0,NA,NA,0,NA,NA
2646,R27L,NA,NA,NA,NA,18-Sep-97,18-Sep-97,15-Sep-14,0,NA,NA,0,NA,NA
2724,RAVC,NA,NA,NA,ATNA,10-Oct-97,10-Oct-97,10-Oct-97,0,NA,NA,0,NA,NA
3919,RCCR,NA,NA,NA,SBUK,11-Sep-06,11-Sep-06,23-Nov-09,0,NA,NA,0,NA,NA
4934,RCN2,NA,NA,NA,RCNM,11-Jul-11,11-Jul-11,10-Jun-14,0,NA,NA,0,NA,NA
1252,RCNM,Probable Female,NA,NA,NA,22-Aug-90,29-Jun-98,10-Jun-14,0,NA,NA,0,NA,NA
4159,RFIO,NA,NA,NA,FUHU,05-Feb-08,05-Feb-08,01-Oct-13,0,NA,NA,0,NA,NA
5206,RFNT,NA,NA,NA,NA,11-Jun-13,11-Jun-13,12-Jun-13,0,NA,NA,0,NA,NA
3669,RLTY,NA,NA,NA,NA,10-Oct-03,10-Oct-03,10-Oct-03,0,NA,NA,0,NA,NA
3561,RMPL,NA,NA,NA,NA,15-Aug-03,15-Aug-03,12-Jun-13,0,NA,NA,0,NA,NA
3937,RMUS,NA,NA,NA,NA,14-Nov-06,14-Nov-06,20-Feb-13,0,NA,NA,0,NA,NA
738,ROOS,NA,NA,NA,NA,27-Sep-88,23-Sep-93,19-Dec-01,0,NA,NA,0,NA,NA
5191,ROSS,NA,NA,NA,NA,15-Apr-11,15-Apr-11,15-Apr-11,0,NA,NA,0,NA,NA
4982,RPIA,NA,NA,NA,NA,05-Jul-12,05-Jul-12,08-Oct-14,0,NA,NA,0,NA,NA
1010,RPPL,NA,NA,NA,BRDO,06-Oct-89,17-Aug-93,16-Jun-95,0,NA,NA,0,NA,NA
757,RSFG,NA,NA,NA,NA,29-Sep-88,11-Aug-05,11-Aug-05,0,NA,NA,0,NA,NA
289,RT90,Probable Female,NA,NA,NA,21-Jul-82,18-May-93,29-Aug-07,0,NA,NA,0,NA,NA
3984,RT92,NA,NA,NA,RT90,29-Aug-07,29-Aug-07,29-Aug-07,0,NA,NA,0,NA,NA
2604,RTM2,NA,1997,NA,RTMW,13-Aug-97,13-Aug-97,22-May-14,0,NA,NA,0,NA,NA
3757,RTM3,NA,2004,NA,RTMW,21-Jul-04,21-Jul-04,06-Jun-14,0,NA,NA,0,NA,NA
4058,RTM4,NA,2009,NA,RTMW,10-Aug-09,10-Aug-09,05-Nov-14,1,2013,A,0,NA,NA
4884,RTM5,NA,NA,NA,RTMW,09-Jul-12,09-Jul-12,04-Jun-14,0,NA,NA,0,NA,NA
904,RTMC,NA,NA,NA,RTMW,12-Sep-89,14-Jun-94,19-Jul-94,0,NA,NA,0,NA,NA
710,RTMW,Probable Female,NA,NA,NA,21-Sep-88,17-Jun-93,04-Jun-14,0,NA,NA,0,NA,NA
2252,RUBB,NA,NA,NA,NA,30-Jun-95,30-Jun-95,16-Jul-97,0,NA,NA,0,NA,NA
1504,RUF2,NA,NA,NA,NA,26-Jun-91,13-Sep-93,13-Jun-08,0,NA,NA,0,NA,NA
155,RUFF,NA,NA,NA,NA,13-Mar-81,06-Feb-93,21-Jul-05,0,NA,NA,0,NA,NA
523,RY34,Male,NA,2014,NA,14-Dec-84,19-Aug-93,10-Aug-14,1,1984,G,0,NA,NA
5217,RZLR,NA,NA,NA,NA,03-Sep-10,03-Sep-10,11-Apr-14,0,NA,NA,0,NA,NA
1875,SBDO,Female,NA,NA,NA,15-Sep-92,13-Aug-97,23-Sep-05,0,NA,NA,0,NA,NA
3063,SBOK,NA,NA,NA,NA,09-Aug-00,09-Aug-00,19-Dec-02,0,NA,NA,0,NA,NA
1446,SBPE,NA,NA,NA,NA,25-Nov-90,09-Sep-93,26-Sep-08,0,NA,NA,0,NA,NA
1441,SBPN,NA,NA,NA,NA,13-Nov-90,21-Sep-93,11-Sep-06,0,NA,NA,0,NA,NA
3023,SBUK,NA,NA,NA,NA,11-May-00,11-May-00,07-Apr-11,0,NA,NA,0,NA,NA
887,SCBT,NA,NA,NA,NA,09-Sep-89,19-Oct-93,13-Apr-11,0,NA,NA,0,NA,NA
5147,SCNE,NA,NA,NA,NA,13-Aug-10,13-Aug-10,12-Sep-11,0,NA,NA,0,NA,NA
536,SCOR,NA,NA,NA,NA,10-Jul-85,12-Jun-93,19-Apr-95,0,NA,NA,0,NA,NA
3835,SCS1,NA,2005,NA,SCSM,04-Nov-05,04-Nov-05,03-Dec-14,0,NA,NA,0,NA,NA
3986,SCS2,Probable Male,2007,NA,SCSM,14-Sep-07,14-Sep-07,03-Oct-14,1,2012,A,0,NA,NA
2685,SCSM,Female,NA,NA,NA,03-Oct-97,03-Oct-97,13-Nov-14,1,2010,A,0,NA,NA
888,SCTN,Probable Female,NA,NA,NA,09-Sep-89,10-Feb-93,08-Mar-10,0,NA,NA,0,NA,NA
2022,SCUP,NA,NA,NA,NA,23-Aug-93,23-Aug-93,15-Aug-08,0,NA,NA,0,NA,NA
5269,SDSW,NA,NA,NA,NA,16-Aug-10,16-Aug-10,18-Aug-10,0,NA,NA,0,NA,NA
5007,SEE1,NA,NA,NA,SETE,13-Sep-10,13-Sep-10,05-Nov-14,0,NA,NA,0,NA,NA
4150,SEWL,NA,NA,NA,NA,09-Mar-10,09-Mar-10,03-Oct-13,0,NA,NA,0,NA,NA
4984,SGDM,NA,NA,NA,NA,08-Sep-10,08-Sep-10,02-Jul-12,0,NA,NA,0,NA,NA
4886,SGL1,NA,NA,NA,SGLA,08-Jun-10,08-Jun-10,10-Feb-14,0,NA,NA,0,NA,NA
1421,SGLA,Probable Female,NA,NA,NA,04-Oct-90,11-Mar-97,02-Feb-12,0,NA,NA,0,NA,NA
3997,SGPP,NA,NA,NA,NA,13-May-08,13-May-08,07-Aug-14,0,NA,NA,0,NA,NA
3746,SHBT,NA,2004,NA,DUDE,22-Jun-04,22-Jun-04,21-May-13,0,NA,NA,0,NA,NA
3879,SHNU,NA,NA,NA,NA,12-Jul-06,12-Jul-06,20-Jun-08,0,NA,NA,0,NA,NA
1712,SHOT,Male,NA,NA,NA,04-Oct-91,18-May-93,20-Jun-06,0,NA,NA,0,NA,NA
147,SHTC,Female,NA,NA,NA,02-Oct-80,01-Oct-93,11-Oct-05,0,NA,NA,0,NA,NA
3996,SIM1,NA,2007,NA,SIMP,10-Apr-08,10-Apr-08,14-May-09,0,NA,NA,0,NA,NA
5081,SIM2,NA,NA,NA,SIMP,08-Jul-13,08-Jul-13,14-Jul-14,0,NA,NA,0,NA,NA
1747,SIMP,Probable Female,NA,NA,NA,24-Jul-92,24-Mar-94,14-Jul-14,0,NA,NA,0,NA,NA
4440,SKYE,NA,NA,NA,NA,05-Jul-01,05-Jul-01,03-Dec-12,0,NA,NA,0,NA,NA
1140,SLIT,Male,NA,NA,NA,16-Aug-90,19-Nov-97,20-Nov-09,0,NA,NA,0,NA,NA
5008,SLJ1,NA,NA,NA,SLJY,12-May-09,12-May-09,23-May-13,0,NA,NA,0,NA,NA
4047,SLJY,NA,NA,NA,NA,12-May-09,12-May-09,23-May-13,0,NA,NA,0,NA,NA
1412,SLLA,NA,NA,NA,NA,01-Oct-90,10-Sep-93,11-Jul-08,0,NA,NA,0,NA,NA
1081,SLMS,Male,NA,1995,NA,13-Aug-90,17-May-93,24-Jul-95,0,NA,NA,1,1995,ingestion
1549,SMUS,NA,NA,NA,NA,12-Aug-91,21-Apr-97,08-Jul-13,0,NA,NA,0,NA,NA
225,SNOT,NA,NA,NA,NA,19-May-82,30-Oct-97,11-Nov-13,0,NA,NA,0,NA,NA
2067,SOFA,NA,NA,NA,NA,16-Sep-93,16-Sep-93,23-Apr-01,0,NA,NA,0,NA,NA
2976,SOGG,Male,NA,NA,NA,21-Apr-99,21-Apr-99,10-Feb-09,0,NA,NA,0,NA,NA
1694,SOLB,Male,NA,NA,NA,23-Sep-91,11-Aug-93,20-Oct-14,0,NA,NA,0,NA,NA
2553,SOLS,NA,NA,NA,NA,07-Nov-96,07-Nov-96,17-Aug-09,0,NA,NA,0,NA,NA
3913,SOPO,NA,NA,NA,NA,09-Sep-06,09-Sep-06,17-Jul-08,0,NA,NA,0,NA,NA
3031,SPAC,Probable Female,NA,NA,NA,14-Jun-00,14-Jun-00,03-Mar-14,0,NA,NA,0,NA,NA
3017,SPEC,NA,NA,NA,NA,10-Feb-00,10-Feb-00,19-Dec-01,0,NA,NA,0,NA,NA
270,SPIK,NA,NA,NA,NA,08-Jul-82,13-Jun-93,01-May-95,0,NA,NA,0,NA,NA
164,SPLA,NA,NA,NA,NA,15-Mar-81,06-Oct-97,09-Oct-12,0,NA,NA,0,NA,NA
2648,SPRT,NA,NA,NA,CLAT,18-Sep-97,18-Sep-97,10-Aug-98,0,NA,NA,0,NA,NA
2237,SPTL,NA,NA,NA,NA,17-May-95,17-May-95,26-Aug-96,0,NA,NA,0,NA,NA
995,SQBT,Male,NA,NA,NA,04-Oct-89,17-Aug-00,12-Aug-13,0,NA,NA,0,NA,NA
5134,SRDO,NA,NA,NA,NA,15-Apr-11,15-Apr-11,12-Nov-13,0,NA,NA,0,NA,NA
3513,SRFR,NA,NA,NA,NA,11-Mar-03,11-Mar-03,02-Sep-14,0,NA,NA,0,NA,NA
5456,SSHK,NA,NA,NA,NA,19-Mar-14,19-Mar-14,18-Jul-14,0,NA,NA,0,NA,NA
3966,STE1,NA,2007,NA,STEW,25-Jun-07,25-Jun-07,19-May-14,0,NA,NA,0,NA,NA
4889,STE2,NA,NA,NA,STEW,12-Sep-11,12-Sep-11,04-Sep-13,0,NA,NA,0,NA,NA
3741,STEW,Female,NA,NA,NA,17-Jun-04,17-Jun-04,04-Sep-13,0,NA,NA,0,NA,NA
3754,STKY,NA,NA,NA,NA,06-Jul-04,06-Jul-04,06-Jul-11,0,NA,NA,0,NA,NA
1453,STLB,NA,NA,NA,NA,17-Dec-90,15-Sep-93,11-Sep-06,0,NA,NA,0,NA,NA
1341,STMN,NA,NA,NA,NA,09-Sep-90,30-Apr-93,11-Sep-06,0,NA,NA,0,NA,NA
1917,STWR,NA,NA,NA,NA,14-Sep-92,09-Feb-93,02-Sep-10,0,NA,NA,0,NA,NA
2219,SUFL,Male,NA,NA,NA,17-Mar-95,17-Mar-95,06-Dec-12,0,NA,NA,0,NA,NA
826,SUMO,NA,NA,NA,NA,11-Oct-88,02-Aug-93,12-Sep-07,0,NA,NA,0,NA,NA
226,SURR,NA,NA,NA,NA,19-May-82,18-May-93,26-Apr-96,0,NA,NA,0,NA,NA
1005,TABB,NA,NA,NA,GITR,05-Oct-89,17-Jun-93,07-Nov-08,0,NA,NA,0,NA,NA
3945,TAC2,NA,NA,NA,TAL2,20-Feb-07,20-Feb-07,06-Jun-11,0,NA,NA,0,NA,NA
1866,TAL2,Probable Female,NA,NA,NA,11-Sep-92,20-Sep-93,06-Jun-11,0,NA,NA,0,NA,NA
2099,TAL3,Probable Female,NA,NA,NA,23-Sep-93,23-Sep-93,07-Nov-08,0,NA,NA,0,NA,NA
1867,TALC,NA,NA,NA,TAL2,11-Sep-92,23-Sep-93,23-Sep-93,0,NA,NA,0,NA,NA
1930,TBBX,NA,NA,NA,NA,15-Jun-93,15-Jun-93,22-Sep-93,0,NA,NA,0,NA,NA
779,TBEL,NA,NA,NA,NA,01-Oct-88,19-Oct-93,06-Jan-04,0,NA,NA,0,NA,NA
1212,TBTN,Male,NA,NA,NA,20-Aug-90,23-Aug-93,21-Sep-06,0,NA,NA,0,NA,NA
4001,TCT1,NA,2008,NA,TCTV,27-May-08,27-May-08,10-Feb-14,0,NA,NA,0,NA,NA
137,TCTV,Female,NA,NA,NA,30-Sep-80,11-Aug-93,21-Jul-14,0,NA,NA,0,NA,NA
5068,TDT2,NA,NA,NA,TDTL,03-May-11,03-May-11,20-May-11,0,NA,NA,0,NA,NA
3866,TDTC,Probable Female,2006,NA,TDTL,24-May-06,24-May-06,13-Nov-14,1,2013,P,0,NA,NA
2309,TDTL,Probable Female,NA,NA,NA,02-Jul-96,02-Jul-96,03-Oct-14,0,NA,NA,0,NA,NA
2295,TEEN,NA,NA,NA,NA,29-May-96,29-May-96,18-Sep-98,0,NA,NA,0,NA,NA
3544,TEKK,Probable Female,NA,NA,NA,18-Jul-03,18-Jul-03,13-Nov-07,0,NA,NA,0,NA,NA
3722,TELE,NA,NA,NA,ULYS,18-Mar-04,18-Mar-04,12-Oct-05,0,NA,NA,0,NA,NA
2109,TERM,NA,NA,NA,NA,01-Oct-93,01-Oct-93,01-Oct-93,0,NA,NA,0,NA,NA
833,TFLG,NA,NA,NA,NA,12-Oct-88,22-Sep-93,19-Oct-93,0,NA,NA,0,NA,NA
606,TFMS,NA,NA,NA,NA,15-Sep-88,18-May-93,01-May-95,0,NA,NA,0,NA,NA
4978,THAL,NA,NA,NA,NA,05-Jul-12,05-Jul-12,12-Jul-12,0,NA,NA,0,NA,NA
176,THMN,Probable Female,NA,NA,NA,23-May-81,25-Apr-94,15-May-96,0,NA,NA,0,NA,NA
108,THNM,NA,NA,NA,NA,25-Sep-80,21-Mar-95,06-Feb-12,0,NA,NA,0,NA,NA
2258,THOC,NA,1995?,NA,THOR,21-Aug-95,21-Aug-95,12-Jul-96,0,NA,NA,0,NA,NA
109,THOR,Probable Female,NA,NA,NA,25-Sep-80,13-Aug-93,12-Jul-96,0,NA,NA,0,NA,NA
5370,THRS,NA,NA,NA,NA,12-Nov-13,12-Nov-13,12-Nov-13,0,NA,NA,0,NA,NA
2226,THTH,Male,NA,NA,NA,27-Mar-95,27-Mar-95,11-Jun-08,0,NA,NA,0,NA,NA
1926,THUB,NA,NA,NA,NA,27-May-93,27-May-93,20-Jun-01,0,NA,NA,0,NA,NA
2758,TIGR,NA,NA,NA,NA,10-Nov-97,10-Nov-97,03-Jun-14,0,NA,NA,0,NA,NA
2692,TKID,Male,NA,NA,MYST,03-Oct-97,03-Oct-97,18-Jul-14,0,NA,NA,0,NA,NA
1931,TM32,NA,NA,NA,TTM3,15-Jun-93,15-Jun-93,15-Jun-93,0,NA,NA,0,NA,NA
1360,TMHK,NA,NA,NA,NA,13-Sep-90,15-Sep-97,20-Jun-06,0,NA,NA,0,NA,NA
5120,TML1,NA,NA,NA,TMLT,14-May-13,14-May-13,10-Jun-13,0,NA,NA,0,NA,NA
5119,TMLT,Probable Female,NA,NA,NA,14-May-13,14-May-13,03-Mar-14,0,NA,NA,0,NA,NA
1671,TMSP,Probable Female,NA,NA,NA,10-Sep-91,19-Apr-02,08-Jul-13,0,NA,NA,0,NA,NA
4753,TNBP,NA,NA,NA,NA,12-Jan-07,12-Jan-07,07-Aug-14,1,2012,P,0,NA,NA
2288,TNFG,NA,NA,NA,NA,16-May-96,16-May-96,22-Jun-98,0,NA,NA,0,NA,NA
4596,TNSC,NA,NA,NA,NA,11-Mar-03,11-Mar-03,12-Aug-13,0,NA,NA,0,NA,NA
2218,TNSL,NA,NA,NA,NA,16-Mar-95,16-Mar-95,31-May-01,0,NA,NA,0,NA,NA
1845,TONG,NA,NA,NA,NA,07-Sep-92,17-Aug-00,21-Aug-03,0,NA,NA,0,NA,NA
2280,TOT2,NA,NA,NA,NA,15-Jan-96,15-Jan-96,17-May-00,0,NA,NA,0,NA,NA
4605,TPOT,NA,NA,NA,NA,18-Oct-05,18-Oct-05,29-Nov-14,0,NA,NA,0,NA,NA
3952,TREX,NA,NA,NA,NA,16-May-07,16-May-07,17-Jul-08,0,NA,NA,0,NA,NA
2932,TRIC,NA,NA,NA,TRIF,28-Jul-98,28-Jul-98,28-Jul-98,0,NA,NA,0,NA,NA
103,TRIF,Probable Female,NA,NA,NA,24-Sep-80,01-Oct-93,13-Aug-13,0,NA,NA,0,NA,NA
3872,TRIM,Probable Female,NA,NA,NA,20-Jun-06,20-Jun-06,07-Aug-14,0,NA,NA,0,NA,NA
1550,TRLI,Male,NA,NA,NA,12-Aug-90,18-Aug-93,29-Mar-04,0,NA,NA,0,NA,NA
4918,TRM1,NA,NA,NA,TRIM,18-May-12,18-May-12,07-Aug-14,0,NA,NA,0,NA,NA
191,TRNO,Probable Female,NA,NA,NA,21-Sep-81,16-Mar-95,07-May-10,0,NA,NA,0,NA,NA
5135,TRTA,Probable Male,NA,NA,NA,01-Nov-10,01-Nov-10,12-Nov-13,0,NA,NA,0,NA,NA
723,TSMV,Probable Female,NA,NA,NA,23-Sep-88,18-May-93,13-Nov-14,0,NA,NA,0,NA,NA
1880,TTA2,NA,NA,NA,NA,16-Sep-92,19-Feb-98,09-Oct-12,0,NA,NA,0,NA,NA
724,TTM3,Female,NA,NA,NA,23-Sep-88,15-Jun-93,18-Aug-10,0,NA,NA,0,NA,NA
186,TTOO,NA,NA,NA,NA,20-Sep-81,09-Sep-93,06-Sep-96,0,NA,NA,0,NA,NA
1152,TUPE,NA,NA,NA,NA,16-Aug-90,30-Jul-98,01-Dec-09,0,NA,NA,0,NA,NA
271,TWHN,NA,NA,NA,NA,08-Jul-82,20-Sep-93,07-Nov-13,0,NA,NA,0,NA,NA
4139,UFSK,NA,NA,NA,NA,19-Aug-09,19-Aug-09,13-Aug-13,0,NA,NA,0,NA,NA
2788,ULRU,NA,NA,NA,NA,12-Feb-98,12-Feb-98,08-Jul-13,0,NA,NA,0,NA,NA
4912,ULTA,NA,NA,NA,NA,05-Oct-12,05-Oct-12,05-Oct-12,0,NA,NA,0,NA,NA
3873,ULY2,NA,2006,NA,ULYS,20-Jun-06,20-Jun-06,13-Nov-14,1,2012,"A, C",0,NA,NA
4056,ULY3,NA,2009,NA,ULYS,21-Jul-09,21-Jul-09,06-Aug-14,0,NA,NA,0,NA,NA
5392,ULY4,NA,NA,NA,ULYS,03-Feb-14,03-Feb-14,11-Dec-14,0,NA,NA,0,NA,NA
2628,ULYS,Probable Female,NA,NA,NA,28-Aug-97,28-Aug-97,11-Dec-14,0,NA,NA,0,NA,NA
4988,UND1,NA,NA,NA,UNDG,15-Jun-12,15-Jun-12,18-Jun-12,0,NA,NA,0,NA,NA
5128,UND2,NA,NA,NA,UNDG,11-Jun-13,11-Jun-13,14-Jul-14,0,NA,NA,0,NA,NA
3751,UNDG,Probable Female,NA,NA,NA,24-Jun-04,24-Jun-04,14-Jul-14,0,NA,NA,0,NA,NA
3854,UNLR,NA,NA,NA,NA,06-Apr-06,06-Apr-06,28-Sep-10,0,NA,NA,0,NA,NA
1361,UPBK,NA,NA,NA,NA,13-Sep-90,22-Sep-93,04-Sep-12,0,NA,NA,0,NA,NA
890,URLN,NA,NA,NA,NA,09-Sep-89,16-Sep-93,26-Sep-08,0,NA,NA,0,NA,NA
315,USLN,NA,NA,NA,NA,31-Jul-82,21-Sep-93,07-Oct-00,0,NA,NA,0,NA,NA
2723,VAIL,NA,NA,NA,NA,08-Oct-97,08-Oct-97,06-Jul-12,0,NA,NA,0,NA,NA
2996,VANB,Male,NA,2010,NA,18-Jun-99,18-Jun-99,18-Oct-10,0,NA,NA,0,NA,NA
5083,VCRO,NA,NA,NA,NA,20-Nov-09,20-Nov-09,05-Dec-14,1,2013,A,0,NA,NA
5125,VCUM,NA,NA,NA,NA,08-May-12,08-May-12,07-Aug-14,0,NA,NA,0,NA,NA
2977,VIVA,NA,NA,NA,NA,21-Apr-99,21-Apr-99,11-Sep-06,0,NA,NA,0,NA,NA
2490,VIZZ,NA,NA,NA,NA,15-Aug-96,15-Aug-96,13-Sep-06,0,NA,NA,0,NA,NA
5501,VLKA,Probable Female,NA,NA,NA,21-May-14,21-May-14,16-Sep-14,0,NA,NA,0,NA,NA
4368,VNGL,NA,NA,NA,NA,20-Aug-03,20-Aug-03,11-Sep-06,0,NA,NA,0,NA,NA
3052,VOLD,NA,NA,NA,NA,13-Jul-00,13-Jul-00,30-May-02,0,NA,NA,0,NA,NA
2058,VRIP,NA,NA,NA,NA,13-Sep-93,13-Sep-93,02-Feb-12,0,NA,NA,0,NA,NA
2978,VRLA,NA,NA,NA,NA,21-Apr-99,21-Apr-99,29-Mar-04,0,NA,NA,0,NA,NA
5129,VST2,NA,NA,NA,VSTH,11-Jun-13,11-Jun-13,12-Aug-13,0,NA,NA,0,NA,NA
3893,VSTC,Male,2006,NA,VSTH,10-Aug-06,10-Aug-06,21-May-09,0,NA,NA,0,NA,NA
3057,VSTH,Probable Female,NA,NA,NA,26-Jul-00,26-Jul-00,12-Aug-13,0,NA,NA,0,NA,NA
1343,VTHN,NA,NA,NA,NA,09-Sep-90,30-Apr-93,11-Sep-06,0,NA,NA,0,NA,NA
3058,WALT,NA,NA,NA,NA,26-Jul-00,26-Jul-00,14-Mar-01,0,NA,NA,0,NA,NA
3019,WAN1,NA,NA,NA,WAND,13-Mar-00,13-Mar-00,30-May-02,0,NA,NA,0,NA,NA
2297,WAND,Female,NA,NA,NA,31-May-96,31-May-96,15-Jul-04,0,NA,NA,0,NA,NA
3006,WEBS,NA,NA,NA,NA,26-Jul-99,26-Jul-99,10-Jul-14,0,NA,NA,0,NA,NA
3369,WEEZ,NA,NA,NA,NA,21-Jun-02,21-Jun-02,23-Oct-02,0,NA,NA,0,NA,NA
5066,WEN1,NA,2013,NA,WENT,18-Jun-13,18-Jun-13,01-Oct-13,0,NA,NA,0,NA,NA
3803,WENT,Female,NA,NA,NA,11-Mar-05,11-Mar-05,13-Nov-14,0,NA,NA,0,NA,NA
2979,WHAT,NA,NA,NA,NA,21-Apr-99,21-Apr-99,16-May-00,0,NA,NA,0,NA,NA
354,WHIT,NA,NA,NA,NA,06-Oct-82,19-Oct-93,05-Jun-01,0,NA,NA,0,NA,NA
1153,WHMR,NA,NA,NA,NA,16-Aug-90,08-Jun-93,12-Jun-02,0,NA,NA,0,NA,NA
2745,WHOO,Male,NA,NA,NA,30-Oct-97,30-Oct-97,13-Jun-11,0,NA,NA,0,NA,NA
3128,WHTS,NA,NA,NA,NA,21-Feb-01,21-Feb-01,12-Jun-02,0,NA,NA,0,NA,NA
2662,WHYY,NA,NA,NA,NA,30-Sep-97,30-Sep-97,16-Aug-00,0,NA,NA,0,NA,NA
3760,WIFF,Male,NA,NA,NA,22-Jul-04,22-Jul-04,01-Oct-12,0,NA,NA,0,NA,NA
3007,WILL,Male,NA,2006,NA,26-Jul-99,26-Jul-99,20-Apr-06,0,NA,NA,0,NA,NA
4025,WIN1,NA,NA,NA,WINN,21-Jul-08,21-Jul-08,07-Nov-08,1,2008,P,0,NA,NA
2949,WINE,NA,NA,NA,NA,30-Jul-98,30-Jul-98,01-Dec-09,0,NA,NA,0,NA,NA
2884,WINN,Probable Female,NA,NA,NA,18-Jun-98,18-Jun-98,15-Sep-08,1,2008,P,0,NA,NA
3150,WINS,NA,NA,NA,NA,24-May-01,24-May-01,08-Oct-14,0,NA,NA,0,NA,NA
185,WLDC,Probable Female,NA,NA,NA,15-Sep-81,14-Jun-94,06-Aug-14,0,NA,NA,0,NA,NA
3925,WLET,NA,NA,NA,NA,16-Sep-06,16-Sep-06,13-Nov-14,1,2012,A,0,NA,NA
3671,WLFL,NA,NA,NA,NA,09-Dec-03,09-Dec-03,18-May-12,0,NA,NA,0,NA,NA
2312,WORM,NA,NA,NA,NA,19-Jul-96,19-Jul-96,18-Mar-99,0,NA,NA,0,NA,NA
5407,WRTH,NA,NA,NA,NA,02-Dec-13,02-Dec-13,29-Nov-14,0,NA,NA,0,NA,NA
931,WTAB,NA,NA,NA,NA,13-Sep-89,10-Feb-93,04-Feb-08,0,NA,NA,0,NA,NA
3920,WTKN,NA,NA,NA,NA,11-Sep-06,11-Sep-06,14-Jul-14,0,NA,NA,0,NA,NA
153,WTMA,Probable Female,NA,NA,NA,04-Oct-80,05-Feb-93,15-Oct-98,0,NA,NA,0,NA,NA
3562,WTMS,NA,NA,NA,NA,15-Aug-03,15-Aug-03,12-Jun-13,0,NA,NA,0,NA,NA
2897,WVLT,NA,NA,NA,NA,22-Jun-98,22-Jun-98,23-Sep-99,0,NA,NA,0,NA,NA
3752,WWJD,NA,2004,NA,HAIR,24-Jun-04,24-Jun-04,20-Jun-06,0,NA,NA,0,NA,NA
2983,XERX,NA,NA,NA,NA,08-May-99,08-May-99,08-Sep-06,0,NA,NA,0,NA,NA
2307,XYLO,NA,NA,NA,NA,19-Jun-96,19-Jun-96,20-Nov-08,0,NA,NA,0,NA,NA
3010,YANK,Male,NA,NA,NA,29-Sep-99,29-Sep-99,01-Aug-14,1,2009,"A, C",0,NA,NA
1681,YELP,Probable Female,NA,NA,NA,11-Sep-91,17-Sep-93,15-Jun-10,0,NA,NA,0,NA,NA
3111,YIKE,NA,NA,NA,NA,17-Jan-01,17-Jan-01,02-Jul-03,0,NA,NA,0,NA,NA
3957,YOKE,NA,NA,NA,OXEN,17-May-07,17-May-07,03-Dec-14,1,2012,P,0,NA,NA
3354,ZBRA,NA,NA,NA,NA,06-Jun-02,06-Jun-02,26-Jun-07,0,NA,NA,0,NA,NA
3942,ZEDC,NA,NA,NA,ZEDM,06-Feb-07,06-Feb-07,03-Oct-14,0,NA,NA,0,NA,NA
3030,ZEL1,NA,2000,NA,ZELD,13-Jun-00,13-Jun-00,20-Jan-03,0,NA,NA,0,NA,NA
3839,ZEL2,Probable Female,< 2005,NA,ZELD,07-Nov-05,07-Nov-05,01-Dec-14,0,NA,NA,0,NA,NA
4938,ZEL3,NA,NA,NA,ZELD,15-Dec-10,15-Dec-10,01-Oct-13,0,NA,NA,0,NA,NA
5330,ZEL4,NA,NA,NA,ZELD,01-Oct-13,01-Oct-13,01-Dec-14,0,NA,NA,0,NA,NA
2980,ZELD,Probable Female,NA,NA,NA,21-Apr-99,21-Apr-99,01-Dec-14,0,NA,NA,0,NA,NA
2069,ZENN,NA,NA,NA,NA,16-Sep-93,16-Sep-93,22-Jun-97,0,NA,NA,0,NA,NA
2084,ZIPP,Probable Female,NA,NA,NA,20-Sep-93,20-Sep-93,20-Aug-13,0,NA,NA,0,NA,NA
3385,ZONA,NA,< 2002,NA,PHIN,17-Jul-02,17-Jul-02,30-Sep-04,0,NA,NA,0,NA,NA
3159,ZOOK,NA,NA,NA,NA,17-Jul-01,17-Jul-01,12-Jul-05,0,NA,NA,0,NA,NA
3998,ZPP1,NA,2008,NA,ZIPP,23-May-08,23-May-08,16-Dec-08,0,NA,NA,0,NA,NA
3977,ZRB2,NA,2007,NA,ZRBA,07-Aug-07,07-Aug-07,28-Aug-07,0,NA,NA,0,NA,NA
2779,ZRBA,Female,NA,NA,NA,12-Jan-98,12-Jan-98,28-Aug-07,0,NA,NA,0,NA,NA
2993,ZRBC,Male,1999,NA,ZRBA,11-Jun-99,11-Jun-99,09-Apr-04,0,NA,NA,0,NA,NA
2290,ZULU,NA,NA,NA,NA,18-May-96,18-May-96,19-Dec-01,0,NA,NA,0,NA,NA
